method,contamination_ratio,query_rate,id_accuracy_mean,id_accuracy_std,gain_mean,gain_std,gain_worst,negative_transfer_rate,ece_mean,brier_mean,oem_0_9_mean,collapse_rate,accept_rate_mean,runtime_sec_mean,peak_memory_mb_mean
atta_or_simatta_style_active,0.0,0.0,0.74131,0.0820067968167147,0.0,0.0,0.0,0.0,0.15103371105675895,0.4044675270716349,0.09135666666666667,0.0,0.0,0.7779022455215454,742.3873372395833
atta_or_simatta_style_active,0.0,0.001,0.7715433333333334,0.06771431715026328,0.03023333333333334,0.02282728756272335,-0.0050000000000000044,0.1,0.1422926309331258,0.36434391140937805,0.09278666666666666,0.0,1.0,0.8931266864140829,785.573046875
atta_or_simatta_style_active,0.0,0.005,0.7844533333333333,0.06322756782712217,0.04314333333333335,0.021925480112438125,0.009299999999999975,0.0,0.1284014935139815,0.34029572357734045,0.08251666666666665,0.0,1.0,0.9116348822911581,786.573046875
atta_or_simatta_style_active,0.0,0.01,0.7881833333333332,0.062421089955754294,0.04687333333333335,0.022607519855636284,0.015799999999999925,0.0,0.12504849282592534,0.3339690834283829,0.08025,0.0,1.0,0.9369773626327514,785.7022135416667
atta_or_simatta_style_active,0.0,0.02,0.7910400000000001,0.06152958693966275,0.049730000000000024,0.02431036603080513,0.020000000000000018,0.0,0.12213551872019966,0.32828274369239807,0.07775666666666667,0.0,1.0,0.9922850767771403,1270.1439453125
atta_or_simatta_style_active,0.0,0.05,0.7994166666666668,0.05887307260676073,0.058106666666666675,0.028554411861945427,0.024499999999999966,0.0,0.11542742651393016,0.3144083251555761,0.07376,0.0,1.0,1.206838059425354,1542.0500651041666
atta_or_simatta_style_active,0.0,0.1,0.8106766666666666,0.054863596896009455,0.06936666666666667,0.03531524368854913,0.02839999999999998,0.0,0.10693372438977163,0.29608759433031084,0.06901333333333334,0.0,1.0,1.5673981666564942,1542.9979817708333
atta_or_simatta_style_active,0.1,0.0,0.7409777777777777,0.0822521349750925,0.0,0.0,0.0,0.0,0.15141329081671104,0.4052930245796839,0.09166296296296297,0.0,0.0,0.7664354721705119,742.4842122395834
atta_or_simatta_style_active,0.1,0.001,0.7626000000000001,0.061099187969568446,0.021622222222222213,0.02793461623440483,-0.0311111111111112,0.13333333333333333,0.1461774305096379,0.3773718188206355,0.09346666666666666,0.0,0.8966666666666666,0.8709662357966105,785.210546875
atta_or_simatta_style_active,0.1,0.005,0.7800444444444444,0.06270311295803026,0.03906666666666666,0.02478674648258614,0.007777777777777772,0.0,0.1332845789220598,0.3489693969488144,0.08595555555555555,0.0,0.9966666666666666,0.9048247973124186,785.8397135416667
atta_or_simatta_style_active,0.1,0.01,0.7828814814814815,0.0644004205114747,0.0419037037037037,0.022320410155769594,0.01577777777777778,0.0,0.13020436520791717,0.34351416677236557,0.0840111111111111,0.0,1.0,0.9234004259109497,785.735546875
atta_or_simatta_style_active,0.1,0.02,0.7888333333333333,0.062466275277475086,0.047855555555555554,0.024117989908102242,0.020000000000000018,0.0,0.12454029447728837,0.3334685121973356,0.08042962962962963,0.0,1.0,0.9404325723648072,827.7051432291667
atta_or_simatta_style_active,0.1,0.05,0.7964444444444445,0.06041909120074591,0.05546666666666666,0.027445202961581167,0.023666666666666725,0.0,0.11711472194492817,0.3204738770922025,0.07584444444444444,0.0,1.0,1.0589629252751669,1515.9030598958334
atta_or_simatta_style_active,0.1,0.1,0.8063888888888889,0.05611178824370458,0.0654111111111111,0.03313109980625565,0.023555555555555552,0.0,0.10986340523511172,0.3041454260547956,0.07153333333333332,0.0,1.0,1.318175196647644,1541.4511067708333
atta_or_simatta_style_active,0.2,0.0,0.7417833333333334,0.08253645963778813,0.0,0.0,0.0,0.0,0.1512563830813393,0.40409049987792967,0.0915625,0.0,0.0,0.7834719181060791,742.8237955729167
atta_or_simatta_style_active,0.2,0.001,0.7585625,0.06142721328798489,0.01677916666666668,0.027202360352814377,-0.02574999999999994,0.23333333333333334,0.149429246232224,0.3834438810745875,0.09597499999999999,0.0,0.8200000000000001,0.8715177456537883,785.454296875
atta_or_simatta_style_active,0.2,0.005,0.7778625,0.06328594921887862,0.036079166666666676,0.022411787888309467,0.00275000000000003,0.0,0.134965456183441,0.353066952029864,0.08791666666666667,0.0,0.99,0.911770764986674,785.660546875
atta_or_simatta_style_active,0.2,0.01,0.7805041666666667,0.061874877946007587,0.03872083333333334,0.02434999122294443,0.0022499999999999742,0.0,0.13243501889295875,0.347325620551904,0.08535416666666666,0.0,0.9966666666666666,0.904570444424947,785.7126302083333
atta_or_simatta_style_active,0.2,0.02,0.7866375,0.06244011225594078,0.04485416666666667,0.02442485139485847,0.017000000000000015,0.0,0.12662275248331328,0.3379500423868497,0.08193333333333334,0.0,1.0,0.9327013413111369,788.507666015625
atta_or_simatta_style_active,0.2,0.05,0.791725,0.06119721863749624,0.04994166666666669,0.026113906928253213,0.02012500000000006,0.0,0.12170833530488114,0.32822714149951937,0.07839166666666667,0.0,1.0,0.9896711508433024,1152.3164388020834
atta_or_simatta_style_active,0.2,0.1,0.8003666666666667,0.057972291364857695,0.05858333333333334,0.031179149568519218,0.02400000000000002,0.0,0.11472081471091757,0.3138242676854134,0.07443749999999999,0.0,1.0,1.1606104453404744,1541.8667317708334
atta_or_simatta_style_active,0.3,0.0,0.7415809523809523,0.0823209586307464,0.0,0.0,0.0,0.0,0.15112612307206505,0.4040881445010503,0.0910904761904762,0.0,0.0,0.7786852757136027,742.5279622395833
atta_or_simatta_style_active,0.3,0.001,0.757357142857143,0.06894712096304087,0.01577619047619048,0.024374011705786677,-0.015285714285714236,0.2,0.1479852359526214,0.38421177913745247,0.09334761904761904,0.0,0.6733333333333333,0.8497126897176107,778.3875813802083
atta_or_simatta_style_active,0.3,0.005,0.7722380952380952,0.06043143424880066,0.030657142857142862,0.027738971282247043,-0.014000000000000012,0.06666666666666667,0.13948347846368947,0.36131070405244825,0.08983333333333333,0.0,0.9600000000000001,0.8995857636133829,785.5397135416666
atta_or_simatta_style_active,0.3,0.01,0.7789809523809523,0.0604716244090367,0.037399999999999996,0.025820181513672897,-0.004714285714285782,0.03333333333333333,0.13343656649206365,0.3485856130719185,0.08488571428571429,0.0,0.98,0.898019568125407,785.7938802083333
atta_or_simatta_style_active,0.3,0.02,0.7842285714285714,0.06166706595276837,0.04264761904761904,0.02538219419815643,0.00642857142857145,0.0,0.12863809434359982,0.34028441508611046,0.08228095238095239,0.0,1.0,0.9140203714370727,785.9522135416667
atta_or_simatta_style_active,0.3,0.05,0.790852380952381,0.06263620467098302,0.04927142857142856,0.025184564321910508,0.02128571428571424,0.0,0.12259262513241596,0.32920847634474437,0.07827142857142858,0.0,1.0,0.9401005744934082,909.1335123697917
atta_or_simatta_style_active,0.3,0.1,0.7950571428571429,0.06092157139028432,0.05347619047619047,0.02727069540835658,0.02014285714285713,0.0,0.11871565252556687,0.3216736028591792,0.07554761904761904,0.0,1.0,1.0470341602961222,1412.45078125
atta_or_simatta_style_active,0.5,0.0,0.7434466666666667,0.08248411647865526,0.0,0.0,0.0,0.0,0.1503952933816115,0.40092562486728034,0.09031333333333333,0.0,0.0,0.7669577280680339,742.3560872395833
atta_or_simatta_style_active,0.5,0.001,0.75288,0.07295641778864781,0.009433333333333334,0.01983414564162856,-0.013399999999999967,0.13333333333333333,0.1477591408925255,0.3892050524552663,0.09092666666666667,0.0,0.38999999999999996,0.821932315826416,762.412890625
atta_or_simatta_style_active,0.5,0.005,0.7662,0.06358620540055347,0.022753333333333334,0.024507940069226183,-0.018199999999999994,0.1,0.14241374044795832,0.3699110229810079,0.09012666666666667,0.0,0.7966666666666666,0.8652911027272542,782.70927734375
atta_or_simatta_style_active,0.5,0.01,0.7732,0.057899556308227934,0.029753333333333323,0.02923251299652418,-0.030400000000000094,0.1,0.13796951878984767,0.35963011980056764,0.08839333333333334,0.0,0.9233333333333333,0.8850755612055461,784.0869954427084
atta_or_simatta_style_active,0.5,0.02,0.7816933333333334,0.059915750812305595,0.03824666666666666,0.02618031286308848,-0.0046000000000000485,0.03333333333333333,0.13173480041037003,0.34561101098855335,0.08442666666666666,0.0,0.9833333333333333,0.899656105041504,785.835546875
atta_or_simatta_style_active,0.5,0.05,0.7872066666666666,0.06130616177240559,0.04375999999999999,0.02585228063040287,0.00660000000000005,0.0,0.12654077998369934,0.33506970554590226,0.08002,0.0,1.0,0.9059624830881755,786.75244140625
atta_or_simatta_style_active,0.5,0.1,0.7931533333333333,0.060080674116548015,0.04970666666666666,0.028172460670482537,0.017199999999999993,0.0,0.12039707345654567,0.3249843900402387,0.07632666666666667,0.0,1.0,0.9647672176361084,945.7155110677083
bitta_style_binary_feedback,0.0,0.0,0.74131,0.0820067968167147,0.0,0.0,0.0,0.0,0.15103371105675895,0.4044675270716349,0.09135666666666667,0.0,0.0,0.7743206977844238,742.3487955729166
bitta_style_binary_feedback,0.0,0.001,0.7672066666666667,0.06418392716052147,0.02589666666666668,0.02687162948658618,-0.00759999999999994,0.13333333333333333,0.1493575835557282,0.3743547474344571,0.09867000000000001,0.0,1.0,0.9630704800287883,785.6459635416667
bitta_style_binary_feedback,0.0,0.005,0.7913433333333334,0.06052317699875797,0.05003333333333335,0.029558327297796783,0.011399999999999966,0.0,0.12829097341383497,0.33237303247054417,0.08451666666666666,0.0,1.0,1.0273582061131796,785.901171875
bitta_style_binary_feedback,0.0,0.01,0.7984033333333334,0.059339412287068655,0.057093333333333336,0.03074975675074332,0.007799999999999918,0.0,0.12224856426373124,0.3199427882830302,0.07990333333333334,0.0,1.0,1.0618573983510335,785.485546875
bitta_style_binary_feedback,0.0,0.02,0.8020033333333333,0.05888766912276837,0.060693333333333356,0.03197304827650867,0.014399999999999968,0.0,0.1185639904512465,0.3132501497864723,0.0777,0.0,1.0,1.1257179260253907,939.2097330729167
bitta_style_binary_feedback,0.0,0.05,0.8066233333333332,0.0571475988775667,0.06531333333333335,0.03453287023166163,0.015199999999999991,0.0,0.11328563907583554,0.3047953883806864,0.07377666666666666,0.0,1.0,1.2882948637008667,1540.9264322916667
bitta_style_binary_feedback,0.0,0.1,0.8118533333333333,0.05571830463379488,0.07054333333333335,0.03735392407335756,0.019499999999999962,0.0,0.10813979798068603,0.2959004819393158,0.07059666666666667,0.0,1.0,1.6782457987467447,1541.712890625
bitta_style_binary_feedback,0.1,0.0,0.7409777777777777,0.0822521349750925,0.0,0.0,0.0,0.0,0.15141329081671104,0.4052930245796839,0.09166296296296297,0.0,0.0,0.7829330364863077,742.82275390625
bitta_style_binary_feedback,0.1,0.001,0.7511,0.07970402010956676,0.010122222222222218,0.028138853997625814,-0.054777777777777814,0.3,0.16196359936136892,0.40203764537970227,0.10739259259259258,0.0,1.0,0.9580569982528686,785.5813802083334
bitta_style_binary_feedback,0.1,0.005,0.7737888888888889,0.07680828360809547,0.032811111111111096,0.029058654589570763,-0.015444444444444483,0.13333333333333333,0.14442852245177384,0.3640974308053652,0.09631481481481481,0.0,1.0,1.0306583484013876,786.4313802083333
bitta_style_binary_feedback,0.1,0.01,0.7832851851851852,0.06879210655050078,0.04230740740740741,0.028281301233012302,-0.010444444444444478,0.03333333333333333,0.13566447794989306,0.3471407433350881,0.09001111111111111,0.0,1.0,1.0482642571131389,785.6397135416667
bitta_style_binary_feedback,0.1,0.02,0.7913925925925925,0.06621230050730956,0.05041481481481481,0.0281129651734123,-0.0012222222222222356,0.03333333333333333,0.12847345212526895,0.33300203333298367,0.08539259259259259,0.0,1.0,1.1079142888387044,1082.08857421875
bitta_style_binary_feedback,0.1,0.05,0.7989407407407408,0.063298563644845,0.057962962962962966,0.03204051465338194,0.006444444444444475,0.0,0.12113794829039662,0.31902813365062077,0.07958888888888889,0.0,1.0,1.3242690960566204,1541.1389322916666
bitta_style_binary_feedback,0.1,0.1,0.8013037037037037,0.06168287684035952,0.060325925925925915,0.03538640238993581,0.004888888888888943,0.0,0.11820217095315456,0.31451789985100426,0.07706296296296296,0.0,1.0,1.6706760485967,1540.9180989583333
bitta_style_binary_feedback,0.2,0.0,0.7417833333333334,0.08253645963778813,0.0,0.0,0.0,0.0,0.1512563830813393,0.40409049987792967,0.0915625,0.0,0.0,0.7714191198348999,743.1675455729167
bitta_style_binary_feedback,0.2,0.001,0.7341208333333333,0.08718676991619505,-0.007662499999999994,0.04221752156575719,-0.12012500000000004,0.5333333333333333,0.17661143203619867,0.43169250935316084,0.11831666666666667,0.0,1.0,0.9566529830296834,785.3959635416667
bitta_style_binary_feedback,0.2,0.005,0.7691833333333332,0.07626596591843092,0.027400000000000004,0.02627634966512925,-0.018625000000000003,0.1,0.14651743430017186,0.3702722574273745,0.09637916666666667,0.0,1.0,1.0076505263646445,786.0688802083333
bitta_style_binary_feedback,0.2,0.01,0.7702333333333333,0.0756859987203634,0.028450000000000017,0.0263913191056819,-0.013374999999999915,0.06666666666666667,0.1467473089226211,0.3686441073815028,0.09690416666666667,0.0,1.0,1.0395336071650187,785.523046875
bitta_style_binary_feedback,0.2,0.02,0.7826458333333334,0.06849004995798391,0.040862500000000024,0.025379604007331674,0.00275000000000003,0.0,0.13603465864056102,0.3476332952578863,0.09014166666666666,0.0,1.0,1.107454514503479,1137.7609375
bitta_style_binary_feedback,0.2,0.05,0.7848958333333333,0.06928855738595249,0.043112500000000005,0.03097517690105617,-0.003249999999999975,0.06666666666666667,0.1333242053469643,0.3429093360900879,0.08787916666666667,0.0,1.0,1.328261423110962,1541.0805989583334
bitta_style_binary_feedback,0.2,0.1,0.7837125,0.06882919537359025,0.04192916666666669,0.03337200011271409,-0.009749999999999925,0.13333333333333333,0.13353210586154213,0.344900436202685,0.08772083333333333,0.0,1.0,1.7289708137512207,1541.2389322916667
bitta_style_binary_feedback,0.3,0.0,0.7415809523809523,0.0823209586307464,0.0,0.0,0.0,0.0,0.15112612307206505,0.4040881445010503,0.0910904761904762,0.0,0.0,0.7652441263198853,742.4706705729167
bitta_style_binary_feedback,0.3,0.001,0.7307523809523809,0.10093641739509292,-0.010828571428571439,0.03964017254478993,-0.15414285714285714,0.5333333333333333,0.18075986438847724,0.43886585384607313,0.12192857142857143,0.0,1.0,0.9396877924601237,785.8188802083333
bitta_style_binary_feedback,0.3,0.005,0.7557857142857143,0.08859661766402813,0.01420476190476191,0.02970101265066197,-0.04699999999999993,0.3333333333333333,0.15743146256768986,0.3928781047463417,0.10401904761904762,0.0,1.0,0.9861309210459391,786.2563802083333
bitta_style_binary_feedback,0.3,0.01,0.7680333333333333,0.07730438920394299,0.02645238095238095,0.024814982742686356,-0.008000000000000007,0.13333333333333333,0.14840326364487408,0.3723379070560137,0.09829047619047619,0.0,1.0,1.038215661048889,785.2272135416666
bitta_style_binary_feedback,0.3,0.02,0.7715333333333334,0.08061149069803408,0.02995238095238095,0.025808730045537947,-0.0004285714285714448,0.03333333333333333,0.1451967090255448,0.3672957052787145,0.0969047619047619,0.0,1.0,1.1003558874130248,1170.9400065104167
bitta_style_binary_feedback,0.3,0.05,0.7745142857142857,0.07873995897917538,0.032933333333333335,0.027205210550859265,-0.010000000000000009,0.13333333333333333,0.14178677715041807,0.3611200819412867,0.09333809523809525,0.0,1.0,1.3476860761642455,1541.097265625
bitta_style_binary_feedback,0.3,0.1,0.7687666666666666,0.0774211772170868,0.02718571428571429,0.030168869079002313,-0.022857142857142798,0.2,0.1453585311620718,0.36981768558422723,0.0953047619047619,0.0,1.0,1.7229162772496542,1541.0930989583333
bitta_style_binary_feedback,0.5,0.0,0.7434466666666667,0.08248411647865526,0.0,0.0,0.0,0.0,0.1503952933816115,0.40092562486728034,0.09031333333333333,0.0,0.0,0.7564199447631836,742.1769205729166
bitta_style_binary_feedback,0.5,0.001,0.74034,0.09882600732670493,-0.00310666666666668,0.03964242705723889,-0.09940000000000004,0.5,0.16752150731345017,0.418062029282252,0.10878,0.0,1.0,0.9105965375900269,785.4563802083334
bitta_style_binary_feedback,0.5,0.005,0.7378066666666666,0.10266065268249275,-0.005639999999999997,0.040193751444377694,-0.11780000000000002,0.43333333333333335,0.17196281173894803,0.423071962594986,0.11336666666666667,0.0,1.0,0.9636363665262858,786.4751302083333
bitta_style_binary_feedback,0.5,0.01,0.7506733333333333,0.09267033871828095,0.007226666666666667,0.029836184157118202,-0.07799999999999996,0.4,0.16318228454013667,0.4031796356042226,0.10844666666666666,0.0,1.0,1.025512448946635,785.6501302083333
bitta_style_binary_feedback,0.5,0.02,0.7568133333333333,0.08572633174248734,0.013366666666666653,0.02490046853642184,-0.025800000000000045,0.3333333333333333,0.15829772787839175,0.3928950866063436,0.10501999999999999,0.0,1.0,1.116178313891093,1208.0297526041666
bitta_style_binary_feedback,0.5,0.05,0.7549399999999999,0.09219365151305349,0.011493333333333336,0.029306312528583137,-0.028000000000000025,0.4,0.16064017229427893,0.39610383262236915,0.1075,0.0,1.0,1.326891334851583,1540.9305989583333
bitta_style_binary_feedback,0.5,0.1,0.7450600000000001,0.09458157799778835,0.001613333333333322,0.03565942089897948,-0.044399999999999995,0.5,0.16770023465474446,0.41271700114011767,0.11213999999999999,0.0,1.0,1.7156414190928142,1541.344140625
eatta_style_low_label,0.0,0.0,0.7947900000000001,0.06041353667675073,0.053480000000000014,0.026917260197719322,0.02310000000000001,0.0,0.11379696846102674,0.31929534127314885,0.07130333333333333,0.0,1.0,0.8897551933924357,1495.0273763020834
eatta_style_low_label,0.0,0.001,0.7975866666666666,0.055647546857560286,0.056276666666666676,0.0353180591036735,0.010199999999999987,0.0,0.12564012135768932,0.3233614603678385,0.08390333333333334,0.0,1.0,0.9704220533370972,1494.88779296875
eatta_style_low_label,0.0,0.005,0.8122766666666668,0.05292230924753715,0.07096666666666668,0.03751593990727723,0.02189999999999992,0.0,0.11009502486422658,0.29601694146792096,0.07268666666666666,0.0,1.0,1.0142536322275797,1494.61279296875
eatta_style_low_label,0.0,0.01,0.8141933333333333,0.05383988992491009,0.07288333333333336,0.037247652861330215,0.02410000000000001,0.0,0.10781166429360708,0.29278441866238913,0.07078333333333334,0.0,1.0,1.0097801685333252,1494.8117513020834
eatta_style_low_label,0.0,0.02,0.8157599999999999,0.0535805973631603,0.07445,0.0379859116352184,0.025599999999999956,0.0,0.10583840800916154,0.28948916991551715,0.06937,0.0,1.0,1.016618839899699,1494.7805013020834
eatta_style_low_label,0.0,0.05,0.8176033333333332,0.05382253395112069,0.07629333333333334,0.03880119917568611,0.026999999999999913,0.0,0.10345688138842582,0.28573581725358965,0.06748333333333334,0.0,1.0,1.0177538394927979,1494.85966796875
eatta_style_low_label,0.0,0.1,0.8188666666666666,0.053364849165314615,0.07755666666666668,0.039220786917612736,0.02939999999999998,0.0,0.10175808005561432,0.28315267811218897,0.06614,0.0,1.0,1.0535633484522502,1494.69716796875
eatta_style_low_label,0.1,0.0,0.7936148148148148,0.06255506715565341,0.05263703703703704,0.025858539317341722,0.020444444444444487,0.0,0.1151555624845955,0.32087498108545937,0.07163703703703703,0.0,1.0,0.8829445044199625,1494.9200846354167
eatta_style_low_label,0.1,0.001,0.7977037037037037,0.057571990828854704,0.05672592592592592,0.029745918986050456,0.024222222222222256,0.0,0.1190921868144362,0.319031785428524,0.07728518518518518,0.0,0.5033333333333333,0.912100887298584,1494.47841796875
eatta_style_low_label,0.1,0.005,0.8054851851851852,0.053866290504652886,0.0645074074074074,0.03622650802435183,0.018777777777777782,0.0,0.11629580415520403,0.3082990104953448,0.07696666666666667,0.0,0.8933333333333333,0.9993813117345174,1494.7513346354167
eatta_style_low_label,0.1,0.01,0.8099444444444444,0.054837643023563074,0.06896666666666666,0.03623764039674841,0.02544444444444449,0.0,0.11282132415865306,0.3006880164146423,0.0742,0.0,0.9866666666666667,0.9845751285552978,1494.7180013020834
eatta_style_low_label,0.1,0.02,0.8132148148148148,0.0545099608406574,0.07223703703703704,0.03691724125471657,0.02588888888888885,0.0,0.10884990792324145,0.2946013669172923,0.07131851851851852,0.0,1.0,1.0221477667490642,1494.8763346354167
eatta_style_low_label,0.1,0.05,0.8159777777777778,0.05511756389117329,0.075,0.0379831918194328,0.02633333333333332,0.0,0.1053048276660067,0.2888907179236412,0.06908148148148148,0.0,1.0,1.0023682196935018,1494.5492513020833
eatta_style_low_label,0.1,0.1,0.8171037037037038,0.05460580461922224,0.07612592592592592,0.03869385943600189,0.026222222222222258,0.0,0.10366422873923072,0.2865462025006612,0.06761111111111111,0.0,1.0,1.0196320136388144,1494.64716796875
eatta_style_low_label,0.2,0.0,0.7923916666666667,0.06590632829399166,0.050608333333333345,0.02450995428790927,0.019499999999999962,0.0,0.1166806379771481,0.3236519157886505,0.07288333333333334,0.0,1.0,0.8857371250788371,1494.85341796875
eatta_style_low_label,0.2,0.001,0.7985749999999999,0.059089805994044266,0.05679166666666668,0.030368912284330064,0.018500000000000072,0.0,0.1176069651581347,0.31738032201925914,0.07617916666666667,0.0,0.3766666666666667,0.9157290061314901,1494.81591796875
eatta_style_low_label,0.2,0.005,0.8042791666666667,0.05636080736682393,0.06249583333333334,0.03415720949504665,0.019000000000000017,0.0,0.11683993877948572,0.3097462837894758,0.07650416666666666,0.0,0.7266666666666667,0.96941610177358,1494.71591796875
eatta_style_low_label,0.2,0.01,0.8055416666666667,0.05378759043736269,0.06375833333333335,0.03597089240726053,0.016125000000000056,0.0,0.11626990489525099,0.30796500742435456,0.07680416666666666,0.0,0.9033333333333334,0.9816701094309489,1494.9700846354167
eatta_style_low_label,0.2,0.02,0.8095458333333333,0.05499484187541862,0.0677625,0.03685250409659639,0.01837500000000003,0.0,0.11251701373017083,0.30107949376106263,0.07442916666666667,0.0,0.9833333333333333,1.0124428749084473,1494.59716796875
eatta_style_low_label,0.2,0.05,0.8135291666666667,0.05655321230980136,0.07174583333333336,0.03743418770007396,0.02287499999999998,0.0,0.108428302204671,0.29359286576509475,0.07093333333333333,0.0,1.0,0.9967370589574178,1494.6242513020834
eatta_style_low_label,0.2,0.1,0.8149875000000001,0.05702765464576424,0.07320416666666668,0.03756981265001825,0.023499999999999965,0.0,0.10638710564120363,0.2903358598550161,0.06937916666666667,0.0,1.0,1.0221468687057496,1494.5388346354166
eatta_style_low_label,0.3,0.0,0.7900619047619047,0.06820158557485126,0.04848095238095239,0.023847435662168633,0.01471428571428568,0.0,0.1184467043800723,0.3275317812959353,0.0742,0.0,1.0,0.8669898509979248,1494.8013346354167
eatta_style_low_label,0.3,0.001,0.7950285714285715,0.0619673973892542,0.05344761904761904,0.027996097378910678,0.01557142857142857,0.0,0.11928458500894763,0.3223502347866694,0.07650952380952382,0.0,0.2866666666666667,0.9079471906026204,1494.5680013020833
eatta_style_low_label,0.3,0.005,0.8003619047619048,0.05653955828815067,0.05878095238095238,0.03309950735006182,0.016000000000000014,0.0,0.1192350748117481,0.31558824578921,0.07796666666666667,0.0,0.6833333333333333,0.931135360399882,1494.77216796875
eatta_style_low_label,0.3,0.01,0.8017,0.05635931211368903,0.060119047619047614,0.033880011053069856,0.017714285714285682,0.0,0.11934304474996668,0.31423699657122295,0.07833333333333334,0.0,0.8366666666666667,0.9755306084950764,1494.7680013020833
eatta_style_low_label,0.3,0.02,0.8057238095238096,0.056891428795732425,0.06414285714285714,0.03573565862940954,0.020000000000000018,0.0,0.11660987161745627,0.3077156960964203,0.07676190476190477,0.0,0.9666666666666667,0.9812669356664022,1494.85966796875
eatta_style_low_label,0.3,0.05,0.8109952380952381,0.05785822517181845,0.0694142857142857,0.035699373241333925,0.02100000000000002,0.0,0.11080608080533288,0.2982384900252024,0.07264761904761904,0.0,1.0,1.0249508460362753,1494.65966796875
eatta_style_low_label,0.3,0.1,0.8130809523809523,0.05805480052455241,0.07149999999999998,0.03663446595362417,0.022285714285714242,0.0,0.1081230888656917,0.29409759640693667,0.0707,0.0,1.0,1.0269315401713053,1494.65966796875
eatta_style_low_label,0.5,0.0,0.7816066666666667,0.07743933747460487,0.03816,0.020852678650392895,0.0036000000000000476,0.0,0.12757754275451105,0.343912531932195,0.08064666666666667,0.0,1.0,0.8844458341598511,1494.78466796875
eatta_style_low_label,0.5,0.001,0.78418,0.0738512829949487,0.04073333333333333,0.021915658601876956,0.00019999999999997797,0.0,0.12760010583053033,0.3403848533829053,0.08066,0.0,0.17333333333333334,0.8878384510676066,1494.7336263020834
eatta_style_low_label,0.5,0.005,0.79098,0.0674944564773464,0.04753333333333334,0.026435051617558616,0.0050000000000000044,0.0,0.12584028980175654,0.331744185090065,0.08188666666666666,0.0,0.4033333333333333,0.9191408475240072,1494.5055013020833
eatta_style_low_label,0.5,0.01,0.7932133333333333,0.06510712516404359,0.04976666666666666,0.026110168891453595,0.007199999999999984,0.0,0.12644866989016532,0.32925764471292496,0.08278666666666666,0.0,0.6066666666666667,0.9566471656163533,1494.6763346354167
eatta_style_low_label,0.5,0.02,0.7976066666666667,0.06206029289346764,0.05416,0.0293242232457318,0.007800000000000029,0.0,0.12445677769690751,0.3230556925137838,0.08250666666666667,0.0,0.7899999999999999,0.9678816477457682,1494.3930013020833
eatta_style_low_label,0.5,0.05,0.8036733333333334,0.06117018618707095,0.060226666666666664,0.03268439397014121,0.01639999999999997,0.0,0.11895957530329625,0.31267164647579193,0.07909333333333332,0.0,0.9733333333333333,0.9976109743118287,1494.8930013020833
eatta_style_low_label,0.5,0.1,0.8081999999999999,0.062060304376552536,0.06475333333333334,0.03343764895766585,0.016000000000000014,0.0,0.11404742729494968,0.3046124761303266,0.07531333333333333,0.0,1.0,1.012194609642029,1494.4888346354167
fb_gate_tent,0.0,0.0,0.74131,0.0820067968167147,0.0,0.0,0.0,0.0,0.15103371105675895,0.4044675270716349,0.09135666666666667,0.0,0.0,0.8870816628138224,785.5479166666667
fb_gate_tent,0.0,0.001,0.79499,0.06298468533069682,0.05368000000000001,0.03731548998878949,0.0,0.0,0.1142761861695846,0.3195508852601051,0.07136666666666666,0.0,0.22000000000000003,1.942137026786804,1538.2285807291667
fb_gate_tent,0.0,0.005,0.81917,0.0545525254638386,0.07786000000000003,0.04325418536655312,0.025999999999999912,0.0,0.098555336270382,0.2805762380361557,0.06265666666666667,0.0,0.4066666666666666,1.9304624954859415,1538.3035807291667
fb_gate_tent,0.0,0.01,0.8211999999999999,0.054206705272980035,0.07989,0.04424561034139725,0.026699999999999946,0.0,0.09735236073950926,0.27774020135402677,0.06228,0.0,0.46,1.9164833545684814,1538.2619140625
fb_gate_tent,0.0,0.02,0.82314,0.05116596794610718,0.08183000000000001,0.04476140694531549,0.02739999999999998,0.0,0.09552554316982627,0.2750209157665571,0.06131333333333333,0.0,0.43,1.9188449382781982,1538.3369140625
fb_gate_tent,0.0,0.05,0.82438,0.051269352275590735,0.08307000000000002,0.044463003993634204,0.028800000000000048,0.0,0.0945672534217437,0.27329976310332615,0.06073,0.0,0.4233333333333333,1.9012555281321208,1538.1952473958333
fb_gate_tent,0.0,0.1,0.82337,0.051161429100311615,0.08206000000000001,0.04410306580945483,0.028800000000000048,0.0,0.09507487801586588,0.27522826145092644,0.061239999999999996,0.0,0.36333333333333334,1.9121692816416422,1538.2285807291667
fb_gate_tent,0.1,0.0,0.7409777777777777,0.0822521349750925,0.0,0.0,0.0,0.0,0.15141329081671104,0.4052930245796839,0.09166296296296297,0.0,0.0,0.8920243660608927,785.58125
fb_gate_tent,0.1,0.001,0.7758370370370371,0.06452489847384081,0.03485925925925925,0.033218408952637786,0.0,0.0,0.12687853432788893,0.34874393939971926,0.07764074074074073,0.0,0.11666666666666667,1.941425887743632,1538.2285807291667
fb_gate_tent,0.1,0.005,0.8088777777777777,0.055435866089041524,0.0679,0.042150406256074795,0.005222222222222239,0.0,0.10519532195754626,0.2979845657944679,0.06659629629629629,0.0,0.30333333333333334,1.9459136486053468,1538.3119140625
fb_gate_tent,0.1,0.01,0.8163111111111111,0.05282859340329461,0.07533333333333332,0.04448885711988026,0.013111111111111073,0.0,0.10060332700930259,0.28601847936709723,0.06447777777777777,0.0,0.38,1.96230259736379,1538.1785807291667
fb_gate_tent,0.1,0.02,0.8145851851851852,0.05437403323535557,0.0736074074074074,0.04282575041418872,0.015666666666666607,0.0,0.10175858331052241,0.2889007250467936,0.06489259259259259,0.0,0.35333333333333333,1.9401006857554117,1538.1535807291666
fb_gate_tent,0.1,0.05,0.8191148148148149,0.053336082969775885,0.07813703703703703,0.04269522993599684,0.023666666666666725,0.0,0.09848473871769728,0.28180274566014607,0.06321851851851852,0.0,0.33999999999999997,1.9362354755401612,1538.2535807291667
fb_gate_tent,0.1,0.1,0.8190481481481482,0.05238479368962829,0.07807037037037037,0.04333762119794902,0.019444444444444486,0.0,0.0984094236386043,0.2820801421999931,0.06334814814814814,0.0,0.31333333333333335,1.9761778354644775,1538.1785807291667
fb_gate_tent,0.2,0.0,0.7417833333333334,0.08253645963778813,0.0,0.0,0.0,0.0,0.1512563830813393,0.40409049987792967,0.0915625,0.0,0.0,0.8744710763295491,785.43125
fb_gate_tent,0.2,0.001,0.7686375,0.07828769851786514,0.026854166666666672,0.030929182238410086,0.0,0.0,0.13349090440217407,0.3622033288081487,0.08240416666666667,0.0,0.09333333333333334,1.9733642975489298,1538.3244140625
fb_gate_tent,0.2,0.005,0.7972374999999999,0.05875719279153302,0.055454166666666686,0.03481644421928685,0.0,0.0,0.11443906232677399,0.3167273446917534,0.07244999999999999,0.0,0.26333333333333336,1.9576834917068482,1538.2869140625
fb_gate_tent,0.2,0.01,0.8059875000000001,0.05804534633029124,0.06420416666666669,0.03688573752688563,0.012624999999999997,0.0,0.10884837344021846,0.30271678815285363,0.06922500000000001,0.0,0.31333333333333335,1.9556517759958902,1538.2119140625
fb_gate_tent,0.2,0.02,0.8017875,0.05558085859963314,0.06000416666666668,0.04234298433692967,0.0,0.0,0.11099273250227173,0.3096361900369326,0.07053333333333334,0.0,0.25333333333333335,1.9527777274449667,1538.1869140625
fb_gate_tent,0.2,0.05,0.8091125,0.056971279345461596,0.06732916666666669,0.041837347757536655,0.014000000000000012,0.0,0.10652384934276342,0.2976190373301506,0.067575,0.0,0.26,1.9427994648615519,1538.2369140625
fb_gate_tent,0.2,0.1,0.8098791666666667,0.05778932534890514,0.06809583333333334,0.040311484995686674,0.017625000000000002,0.0,0.10567388276302567,0.296673572063446,0.06752916666666667,0.0,0.24000000000000002,1.9697657664616903,1538.2619140625
fb_gate_tent,0.3,0.0,0.7415809523809523,0.0823209586307464,0.0,0.0,0.0,0.0,0.15112612307206505,0.4040881445010503,0.0910904761904762,0.0,0.0,0.875312066078186,785.76875
fb_gate_tent,0.3,0.001,0.7606857142857143,0.07688059231703145,0.019104761904761902,0.027619917884482897,0.0,0.0,0.13854038375878616,0.3743134136001269,0.0847952380952381,0.0,0.060000000000000005,2.0060063362121583,1537.9660807291666
fb_gate_tent,0.3,0.005,0.7845142857142857,0.06574610067292647,0.04293333333333333,0.03309555256138181,0.0,0.0,0.12253082313864004,0.3369218721985817,0.07645714285714285,0.0,0.17,1.9515242338180543,1538.2910807291667
fb_gate_tent,0.3,0.01,0.7940380952380952,0.06295401104338669,0.05245714285714286,0.03575566863519145,0.0,0.0,0.11663585939527978,0.3214058260122935,0.07326190476190476,0.0,0.24666666666666667,1.954950706164042,1538.1452473958334
fb_gate_tent,0.3,0.02,0.7859190476190476,0.06330806334388805,0.04433809523809524,0.02819117612742217,0.0,0.0,0.12116320036883864,0.3345560202995936,0.07611428571428572,0.0,0.18666666666666665,1.9411762317021688,1538.2369140625
fb_gate_tent,0.3,0.05,0.7984047619047618,0.061644905848554726,0.05682380952380952,0.037141392228280015,0.0,0.0,0.1132223613773783,0.31486576348543166,0.07162857142857143,0.0,0.21,1.9250350713729858,1538.2119140625
fb_gate_tent,0.3,0.1,0.7973666666666667,0.06338462822698158,0.055785714285714286,0.03512011659612688,0.011142857142857121,0.0,0.11387255261292059,0.31671415517727536,0.07194761904761905,0.0,0.19,1.9468662897745768,1538.1619140625
fb_gate_tent,0.5,0.0,0.7434466666666667,0.08248411647865526,0.0,0.0,0.0,0.0,0.1503952933816115,0.40092562486728034,0.09031333333333333,0.0,0.0,0.8887562990188599,785.7729166666667
fb_gate_tent,0.5,0.001,0.75484,0.08004104808977917,0.011393333333333333,0.01986502616076344,0.0,0.0,0.14339020975718897,0.3837146525581678,0.08751333333333333,0.0,0.03333333333333333,2.010206119219462,1538.1535807291666
fb_gate_tent,0.5,0.005,0.7638666666666667,0.07862396464241649,0.020419999999999994,0.02526386816152187,0.0,0.0,0.13832121479064224,0.37055888076623283,0.0858,0.0,0.09333333333333334,1.9689100662867227,1538.1952473958333
fb_gate_tent,0.5,0.01,0.7727533333333334,0.07611270560177845,0.02930666666666666,0.027016966997557786,0.0,0.0,0.13366487624456486,0.35724641581376393,0.08396666666666668,0.0,0.16333333333333336,1.9711309750874837,1538.2952473958333
fb_gate_tent,0.5,0.02,0.7605133333333334,0.0815572011380434,0.017066666666666667,0.023500217656120922,0.0,0.0,0.1406090588987867,0.37579903850952784,0.08655333333333333,0.0,0.11000000000000001,1.9648138602574667,1538.1869140625
fb_gate_tent,0.5,0.05,0.7699,0.07423763800493471,0.026453333333333332,0.030041806885065036,0.0,0.0,0.1343175135249893,0.3611149102449417,0.08364666666666666,0.0,0.09666666666666668,1.9450927257537842,1538.1785807291667
fb_gate_tent,0.5,0.1,0.76678,0.07207322617334737,0.023333333333333324,0.0269478849958049,0.0,0.0,0.135818267219762,0.3647538696726163,0.08418666666666666,0.0,0.07,1.9705283403396607,1538.1869140625
frozen,0.0,0.0,0.74131,0.0820067968167147,0.0,0.0,0.0,0.0,0.15103371105675895,0.4044675270716349,0.09135666666666667,0.0,0.0,0.4168909708658854,741.0998372395833
frozen,0.0,0.001,0.74131,0.0820067968167147,0.0,0.0,0.0,0.0,0.15103371105675895,0.4044675270716349,0.09135666666666667,0.0,0.0,0.4168909708658854,741.0998372395833
frozen,0.0,0.005,0.74131,0.0820067968167147,0.0,0.0,0.0,0.0,0.15103371105675895,0.4044675270716349,0.09135666666666667,0.0,0.0,0.4168909708658854,741.0998372395833
frozen,0.0,0.01,0.74131,0.0820067968167147,0.0,0.0,0.0,0.0,0.15103371105675895,0.4044675270716349,0.09135666666666667,0.0,0.0,0.4168909708658854,741.0998372395833
frozen,0.0,0.02,0.74131,0.0820067968167147,0.0,0.0,0.0,0.0,0.15103371105675895,0.4044675270716349,0.09135666666666667,0.0,0.0,0.4168909708658854,741.0998372395833
frozen,0.0,0.05,0.74131,0.0820067968167147,0.0,0.0,0.0,0.0,0.15103371105675895,0.4044675270716349,0.09135666666666667,0.0,0.0,0.4168909708658854,741.0998372395833
frozen,0.0,0.1,0.74131,0.0820067968167147,0.0,0.0,0.0,0.0,0.15103371105675895,0.4044675270716349,0.09135666666666667,0.0,0.0,0.4168909708658854,741.0998372395833
frozen,0.1,0.0,0.7409777777777777,0.0822521349750925,0.0,0.0,0.0,0.0,0.15141329081671104,0.4052930245796839,0.09166296296296297,0.0,0.0,0.41164484024047854,742.05400390625
frozen,0.1,0.001,0.7409777777777777,0.0822521349750925,0.0,0.0,0.0,0.0,0.15141329081671104,0.4052930245796839,0.09166296296296297,0.0,0.0,0.41164484024047854,742.05400390625
frozen,0.1,0.005,0.7409777777777777,0.0822521349750925,0.0,0.0,0.0,0.0,0.15141329081671104,0.4052930245796839,0.09166296296296297,0.0,0.0,0.41164484024047854,742.05400390625
frozen,0.1,0.01,0.7409777777777777,0.0822521349750925,0.0,0.0,0.0,0.0,0.15141329081671104,0.4052930245796839,0.09166296296296297,0.0,0.0,0.41164484024047854,742.05400390625
frozen,0.1,0.02,0.7409777777777777,0.0822521349750925,0.0,0.0,0.0,0.0,0.15141329081671104,0.4052930245796839,0.09166296296296297,0.0,0.0,0.41164484024047854,742.05400390625
frozen,0.1,0.05,0.7409777777777777,0.0822521349750925,0.0,0.0,0.0,0.0,0.15141329081671104,0.4052930245796839,0.09166296296296297,0.0,0.0,0.41164484024047854,742.05400390625
frozen,0.1,0.1,0.7409777777777777,0.0822521349750925,0.0,0.0,0.0,0.0,0.15141329081671104,0.4052930245796839,0.09166296296296297,0.0,0.0,0.41164484024047854,742.05400390625
frozen,0.2,0.0,0.7417833333333334,0.08253645963778813,0.0,0.0,0.0,0.0,0.1512563830813393,0.40409049987792967,0.0915625,0.0,0.0,0.4203151305516561,742.1498372395833
frozen,0.2,0.001,0.7417833333333334,0.08253645963778813,0.0,0.0,0.0,0.0,0.1512563830813393,0.40409049987792967,0.0915625,0.0,0.0,0.4203151305516561,742.1498372395833
frozen,0.2,0.005,0.7417833333333334,0.08253645963778813,0.0,0.0,0.0,0.0,0.1512563830813393,0.40409049987792967,0.0915625,0.0,0.0,0.4203151305516561,742.1498372395833
frozen,0.2,0.01,0.7417833333333334,0.08253645963778813,0.0,0.0,0.0,0.0,0.1512563830813393,0.40409049987792967,0.0915625,0.0,0.0,0.4203151305516561,742.1498372395833
frozen,0.2,0.02,0.7417833333333334,0.08253645963778813,0.0,0.0,0.0,0.0,0.1512563830813393,0.40409049987792967,0.0915625,0.0,0.0,0.4203151305516561,742.1498372395833
frozen,0.2,0.05,0.7417833333333334,0.08253645963778813,0.0,0.0,0.0,0.0,0.1512563830813393,0.40409049987792967,0.0915625,0.0,0.0,0.4203151305516561,742.1498372395833
frozen,0.2,0.1,0.7417833333333334,0.08253645963778813,0.0,0.0,0.0,0.0,0.1512563830813393,0.40409049987792967,0.0915625,0.0,0.0,0.4203151305516561,742.1498372395833
frozen,0.3,0.0,0.7415809523809523,0.0823209586307464,0.0,0.0,0.0,0.0,0.15112612307206505,0.4040881445010503,0.0910904761904762,0.0,0.0,0.4032148758570353,742.17900390625
frozen,0.3,0.001,0.7415809523809523,0.0823209586307464,0.0,0.0,0.0,0.0,0.15112612307206505,0.4040881445010503,0.0910904761904762,0.0,0.0,0.4032148758570353,742.17900390625
frozen,0.3,0.005,0.7415809523809523,0.0823209586307464,0.0,0.0,0.0,0.0,0.15112612307206505,0.4040881445010503,0.0910904761904762,0.0,0.0,0.4032148758570353,742.17900390625
frozen,0.3,0.01,0.7415809523809523,0.0823209586307464,0.0,0.0,0.0,0.0,0.15112612307206505,0.4040881445010503,0.0910904761904762,0.0,0.0,0.4032148758570353,742.17900390625
frozen,0.3,0.02,0.7415809523809523,0.0823209586307464,0.0,0.0,0.0,0.0,0.15112612307206505,0.4040881445010503,0.0910904761904762,0.0,0.0,0.4032148758570353,742.17900390625
frozen,0.3,0.05,0.7415809523809523,0.0823209586307464,0.0,0.0,0.0,0.0,0.15112612307206505,0.4040881445010503,0.0910904761904762,0.0,0.0,0.4032148758570353,742.17900390625
frozen,0.3,0.1,0.7415809523809523,0.0823209586307464,0.0,0.0,0.0,0.0,0.15112612307206505,0.4040881445010503,0.0910904761904762,0.0,0.0,0.4032148758570353,742.17900390625
frozen,0.5,0.0,0.7434466666666667,0.08248411647865526,0.0,0.0,0.0,0.0,0.1503952933816115,0.40092562486728034,0.09031333333333333,0.0,0.0,0.4294314463933309,742.1831705729167
frozen,0.5,0.001,0.7434466666666667,0.08248411647865526,0.0,0.0,0.0,0.0,0.1503952933816115,0.40092562486728034,0.09031333333333333,0.0,0.0,0.4294314463933309,742.1831705729167
frozen,0.5,0.005,0.7434466666666667,0.08248411647865526,0.0,0.0,0.0,0.0,0.1503952933816115,0.40092562486728034,0.09031333333333333,0.0,0.0,0.4294314463933309,742.1831705729167
frozen,0.5,0.01,0.7434466666666667,0.08248411647865526,0.0,0.0,0.0,0.0,0.1503952933816115,0.40092562486728034,0.09031333333333333,0.0,0.0,0.4294314463933309,742.1831705729167
frozen,0.5,0.02,0.7434466666666667,0.08248411647865526,0.0,0.0,0.0,0.0,0.1503952933816115,0.40092562486728034,0.09031333333333333,0.0,0.0,0.4294314463933309,742.1831705729167
frozen,0.5,0.05,0.7434466666666667,0.08248411647865526,0.0,0.0,0.0,0.0,0.1503952933816115,0.40092562486728034,0.09031333333333333,0.0,0.0,0.4294314463933309,742.1831705729167
frozen,0.5,0.1,0.7434466666666667,0.08248411647865526,0.0,0.0,0.0,0.0,0.1503952933816115,0.40092562486728034,0.09031333333333333,0.0,0.0,0.4294314463933309,742.1831705729167
full_label_active_reference,0.0,0.0,0.74131,0.0820067968167147,0.0,0.0,0.0,0.0,0.15103371105675895,0.4044675270716349,0.09135666666666667,0.0,0.0,0.7536380370457967,742.1123372395833
full_label_active_reference,0.0,0.001,0.7746999999999999,0.06484970422392873,0.03339000000000002,0.023449466577272503,-0.0025999999999999357,0.03333333333333333,0.14174688508724173,0.3602830618619919,0.09295,0.0,1.0,0.8831725120544434,785.510546875
full_label_active_reference,0.0,0.005,0.7859666666666667,0.0625929175972277,0.044656666666666685,0.022396823717743507,0.009699999999999931,0.0,0.12814166676024596,0.338534485300382,0.08266333333333332,0.0,1.0,0.8949544906616211,786.8022135416667
full_label_active_reference,0.0,0.01,0.7895066666666666,0.06203546223502042,0.04819666666666667,0.022986435030302087,0.015799999999999925,0.0,0.1244269550190866,0.3320578545331955,0.08004666666666667,0.0,1.0,0.9040552775065104,785.1772135416667
full_label_active_reference,0.0,0.02,0.79248,0.06134929052789332,0.051170000000000014,0.024416093477246832,0.01969999999999994,0.0,0.12138396644125383,0.32598919967810314,0.07733,0.0,1.0,0.924001677831014,784.9688802083333
full_label_active_reference,0.0,0.05,0.7965333333333333,0.06109731261844011,0.05522333333333335,0.026006626255541152,0.023299999999999987,0.0,0.1171273743286232,0.31898797253767647,0.07461000000000001,0.0,1.0,0.9324458440144857,786.4365885416667
full_label_active_reference,0.0,0.1,0.7991433333333333,0.059926798353654276,0.05783333333333334,0.027448413475078138,0.02729999999999999,0.0,0.11412313444912434,0.3137815366188685,0.07249666666666667,0.0,1.0,0.9892544746398926,787.101171875
full_label_active_reference,0.1,0.0,0.7409777777777777,0.0822521349750925,0.0,0.0,0.0,0.0,0.15141329081671104,0.4052930245796839,0.09166296296296297,0.0,0.0,0.7624989748001099,741.85400390625
full_label_active_reference,0.1,0.001,0.761862962962963,0.06613754057069386,0.02088518518518518,0.020904340973782843,-0.0038888888888889417,0.13333333333333333,0.14480402090781264,0.37703469494978586,0.09205185185185186,0.0,0.5,0.8251496156056722,785.2438802083333
full_label_active_reference,0.1,0.005,0.7818703703703703,0.06112235412657746,0.04089259259259257,0.025617939571128973,0.007000000000000006,0.0,0.13295453990615078,0.34672507146994275,0.0860925925925926,0.0,0.94,0.8826272090276083,785.9022135416667
full_label_active_reference,0.1,0.01,0.785862962962963,0.06320862012424018,0.04488518518518519,0.02312342148068628,0.015444444444444483,0.0,0.12848477958827106,0.3393371254205704,0.08322962962962963,0.0,0.9833333333333333,0.8930394013722738,785.6688802083333
full_label_active_reference,0.1,0.02,0.790262962962963,0.06235735519896785,0.04928518518518518,0.023946418891371127,0.01911111111111108,0.0,0.12392367758668131,0.3310692916313807,0.07988518518518518,0.0,1.0,0.9265517155329387,786.248046875
full_label_active_reference,0.1,0.05,0.7961666666666667,0.06151804429898658,0.05518888888888888,0.026050580364649,0.023777777777777787,0.0,0.1175903754669759,0.3210677559177081,0.07611481481481482,0.0,1.0,0.9149212042490641,785.6990885416667
full_label_active_reference,0.1,0.1,0.7989222222222222,0.06092795367093032,0.057944444444444444,0.027317344948515506,0.024666666666666726,0.0,0.11452208594790211,0.31572434057792026,0.07384444444444443,0.0,1.0,0.9515554428100585,786.016796875
full_label_active_reference,0.2,0.0,0.7417833333333334,0.08253645963778813,0.0,0.0,0.0,0.0,0.1512563830813393,0.40409049987792967,0.0915625,0.0,0.0,0.7552857875823975,742.1956705729167
full_label_active_reference,0.2,0.001,0.7575249999999999,0.07092602842836115,0.015741666666666668,0.015301704791957985,-0.004749999999999921,0.03333333333333333,0.1456325871343414,0.38302157521247865,0.09153333333333333,0.0,0.3333333333333333,0.8255218187967936,785.4272135416667
full_label_active_reference,0.2,0.005,0.7768791666666667,0.062042076616062196,0.035095833333333326,0.024832123490354796,0.001375000000000015,0.0,0.13647762381806972,0.35508470634619393,0.08884166666666667,0.0,0.7899999999999999,0.869639801979065,785.9772135416666
full_label_active_reference,0.2,0.01,0.7823375,0.06132448980276125,0.04055416666666668,0.024064382110300993,0.008750000000000036,0.0,0.13214446569972982,0.34505498756965003,0.08567916666666667,0.0,0.9233333333333333,0.8911873817443847,785.660546875
full_label_active_reference,0.2,0.02,0.7879625,0.06213914057136834,0.04617916666666669,0.02451935994704274,0.01637500000000003,0.0,0.1264300537036732,0.3356673533717791,0.08222083333333334,0.0,0.9833333333333333,0.9245948553085327,786.310546875
full_label_active_reference,0.2,0.05,0.7934916666666666,0.06160129670507857,0.051708333333333335,0.02622117327964025,0.020375000000000032,0.0,0.12088369628178577,0.3259008785088857,0.07862083333333333,0.0,1.0,0.9278589487075806,785.4272135416667
full_label_active_reference,0.2,0.1,0.7976375,0.061250363739243675,0.055854166666666684,0.02797799865545011,0.022625000000000006,0.0,0.11649075978081673,0.31827218383550643,0.07539166666666668,0.0,1.0,0.9336484670639038,786.241796875
full_label_active_reference,0.3,0.0,0.7415809523809523,0.0823209586307464,0.0,0.0,0.0,0.0,0.15112612307206505,0.4040881445010503,0.0910904761904762,0.0,0.0,0.7626079241434733,741.9956705729167
full_label_active_reference,0.3,0.001,0.755804761904762,0.07428150313313245,0.014223809523809527,0.015746839694254732,-0.0010000000000000009,0.06666666666666667,0.14533634367194914,0.3840955967704455,0.08983809523809524,0.0,0.22333333333333333,0.8021496057510376,778.2552897135416
full_label_active_reference,0.3,0.005,0.7713761904761905,0.06353785556534652,0.02979523809523809,0.02657398905331976,-0.001571428571428557,0.06666666666666667,0.13823506688610426,0.36168571511904396,0.08813809523809524,0.0,0.63,0.8650298833847045,785.7647135416667
full_label_active_reference,0.3,0.01,0.780552380952381,0.059938682406308126,0.038971428571428574,0.026359726601169246,0.00371428571428567,0.0,0.13296074871889182,0.348117366929849,0.08635238095238096,0.0,0.87,0.8852722009023031,785.585546875
full_label_active_reference,0.3,0.02,0.7850761904761904,0.06017679481183708,0.04349523809523808,0.02662938573918581,0.009571428571428564,0.0,0.1289980862379074,0.3393359621365865,0.0830952380952381,0.0,0.9633333333333333,0.8979675531387329,785.835546875
full_label_active_reference,0.3,0.05,0.7916238095238095,0.06169761774700577,0.05004285714285714,0.025816576784605673,0.017285714285714238,0.0,0.12255673456043005,0.3279280786712964,0.07847619047619046,0.0,1.0,0.9295513391494751,785.8834635416666
full_label_active_reference,0.3,0.1,0.7953666666666667,0.06189244812480389,0.053785714285714284,0.026795594236995807,0.020714285714285685,0.0,0.11871053824417648,0.32124778678019844,0.07579047619047619,0.0,1.0,0.9241222699483236,786.2865885416667
full_label_active_reference,0.5,0.0,0.7434466666666667,0.08248411647865526,0.0,0.0,0.0,0.0,0.1503952933816115,0.40092562486728034,0.09031333333333333,0.0,0.0,0.773545789718628,742.0623372395834
full_label_active_reference,0.5,0.001,0.7507333333333333,0.0767591186690583,0.00728666666666666,0.012986750100041165,-0.010000000000000009,0.06666666666666667,0.14741276289532582,0.3913940836985906,0.08957333333333332,0.0,0.10333333333333333,0.7786322991053264,762.425390625
full_label_active_reference,0.5,0.005,0.7619666666666666,0.06988880001699911,0.018519999999999988,0.018768102066336216,-0.0041999999999999815,0.1,0.14335289345512786,0.37569493651390073,0.09000000000000001,0.0,0.3566666666666667,0.818248470624288,782.7134440104167
full_label_active_reference,0.5,0.01,0.7740066666666667,0.06230504453663959,0.030560000000000007,0.02558363701193833,-0.006199999999999983,0.03333333333333333,0.1369165428731839,0.358004363377889,0.08703333333333332,0.0,0.62,0.8526442209879558,784.2328287760416
full_label_active_reference,0.5,0.02,0.7796666666666667,0.06026574101618501,0.03622,0.02551572064434004,0.0047999999999999154,0.0,0.13437190107146899,0.34948233515024185,0.08617999999999999,0.0,0.8133333333333332,0.8751450300216674,785.635546875
full_label_active_reference,0.5,0.05,0.7883666666666667,0.0601740712481274,0.044919999999999995,0.026222685624842302,-0.00039999999999995595,0.03333333333333333,0.12653008803278207,0.33435065150260923,0.08108,0.0,0.99,0.9028591314951578,786.010546875
full_label_active_reference,0.5,0.1,0.79416,0.06032119545143029,0.050713333333333346,0.027107585569399188,0.01880000000000004,0.0,0.12033480407526095,0.32385008533795673,0.07688666666666667,0.0,1.0,0.9185751438140869,785.760546875
sar_or_come_zero_bit_stable,0.0,0.0,0.8240700000000001,0.051337182532203936,0.08276000000000001,0.045834128227171804,0.0262,0.0,0.09220045803482334,0.2714024156332016,0.05834333333333333,0.0,1.0,1.3972966114679972,1494.6305013020833
sar_or_come_zero_bit_stable,0.0,0.001,0.8240700000000001,0.051337182532203936,0.08276000000000001,0.045834128227171804,0.0262,0.0,0.09220045803482334,0.2714024156332016,0.05834333333333333,0.0,1.0,1.3972966114679972,1494.6305013020833
sar_or_come_zero_bit_stable,0.0,0.005,0.8240700000000001,0.051337182532203936,0.08276000000000001,0.045834128227171804,0.0262,0.0,0.09220045803482334,0.2714024156332016,0.05834333333333333,0.0,1.0,1.3972966114679972,1494.6305013020833
sar_or_come_zero_bit_stable,0.0,0.01,0.8240700000000001,0.051337182532203936,0.08276000000000001,0.045834128227171804,0.0262,0.0,0.09220045803482334,0.2714024156332016,0.05834333333333333,0.0,1.0,1.3972966114679972,1494.6305013020833
sar_or_come_zero_bit_stable,0.0,0.02,0.8240700000000001,0.051337182532203936,0.08276000000000001,0.045834128227171804,0.0262,0.0,0.09220045803482334,0.2714024156332016,0.05834333333333333,0.0,1.0,1.3972966114679972,1494.6305013020833
sar_or_come_zero_bit_stable,0.0,0.05,0.8240700000000001,0.051337182532203936,0.08276000000000001,0.045834128227171804,0.0262,0.0,0.09220045803482334,0.2714024156332016,0.05834333333333333,0.0,1.0,1.3972966114679972,1494.6305013020833
sar_or_come_zero_bit_stable,0.0,0.1,0.8240700000000001,0.051337182532203936,0.08276000000000001,0.045834128227171804,0.0262,0.0,0.09220045803482334,0.2714024156332016,0.05834333333333333,0.0,1.0,1.3972966114679972,1494.6305013020833
sar_or_come_zero_bit_stable,0.1,0.0,0.8231481481481481,0.052650969525973326,0.08217037037037037,0.04550154478202613,0.025000000000000022,0.0,0.0941427842285346,0.2737200915813446,0.059811111111111114,0.0,1.0,1.378479528427124,1494.5138346354167
sar_or_come_zero_bit_stable,0.1,0.001,0.8231481481481481,0.052650969525973326,0.08217037037037037,0.04550154478202613,0.025000000000000022,0.0,0.0941427842285346,0.2737200915813446,0.059811111111111114,0.0,1.0,1.378479528427124,1494.5138346354167
sar_or_come_zero_bit_stable,0.1,0.005,0.8231481481481481,0.052650969525973326,0.08217037037037037,0.04550154478202613,0.025000000000000022,0.0,0.0941427842285346,0.2737200915813446,0.059811111111111114,0.0,1.0,1.378479528427124,1494.5138346354167
sar_or_come_zero_bit_stable,0.1,0.01,0.8231481481481481,0.052650969525973326,0.08217037037037037,0.04550154478202613,0.025000000000000022,0.0,0.0941427842285346,0.2737200915813446,0.059811111111111114,0.0,1.0,1.378479528427124,1494.5138346354167
sar_or_come_zero_bit_stable,0.1,0.02,0.8231481481481481,0.052650969525973326,0.08217037037037037,0.04550154478202613,0.025000000000000022,0.0,0.0941427842285346,0.2737200915813446,0.059811111111111114,0.0,1.0,1.378479528427124,1494.5138346354167
sar_or_come_zero_bit_stable,0.1,0.05,0.8231481481481481,0.052650969525973326,0.08217037037037037,0.04550154478202613,0.025000000000000022,0.0,0.0941427842285346,0.2737200915813446,0.059811111111111114,0.0,1.0,1.378479528427124,1494.5138346354167
sar_or_come_zero_bit_stable,0.1,0.1,0.8231481481481481,0.052650969525973326,0.08217037037037037,0.04550154478202613,0.025000000000000022,0.0,0.0941427842285346,0.2737200915813446,0.059811111111111114,0.0,1.0,1.378479528427124,1494.5138346354167
sar_or_come_zero_bit_stable,0.2,0.0,0.8189208333333333,0.05548496498871428,0.07713750000000001,0.04455345189130732,0.018625000000000003,0.0,0.09870315874566635,0.28043028662602104,0.062345833333333336,0.0,1.0,1.393444053332011,1494.5305013020834
sar_or_come_zero_bit_stable,0.2,0.001,0.8189208333333333,0.05548496498871428,0.07713750000000001,0.04455345189130732,0.018625000000000003,0.0,0.09870315874566635,0.28043028662602104,0.062345833333333336,0.0,1.0,1.393444053332011,1494.5305013020834
sar_or_come_zero_bit_stable,0.2,0.005,0.8189208333333333,0.05548496498871428,0.07713750000000001,0.04455345189130732,0.018625000000000003,0.0,0.09870315874566635,0.28043028662602104,0.062345833333333336,0.0,1.0,1.393444053332011,1494.5305013020834
sar_or_come_zero_bit_stable,0.2,0.01,0.8189208333333333,0.05548496498871428,0.07713750000000001,0.04455345189130732,0.018625000000000003,0.0,0.09870315874566635,0.28043028662602104,0.062345833333333336,0.0,1.0,1.393444053332011,1494.5305013020834
sar_or_come_zero_bit_stable,0.2,0.02,0.8189208333333333,0.05548496498871428,0.07713750000000001,0.04455345189130732,0.018625000000000003,0.0,0.09870315874566635,0.28043028662602104,0.062345833333333336,0.0,1.0,1.393444053332011,1494.5305013020834
sar_or_come_zero_bit_stable,0.2,0.05,0.8189208333333333,0.05548496498871428,0.07713750000000001,0.04455345189130732,0.018625000000000003,0.0,0.09870315874566635,0.28043028662602104,0.062345833333333336,0.0,1.0,1.393444053332011,1494.5305013020834
sar_or_come_zero_bit_stable,0.2,0.1,0.8189208333333333,0.05548496498871428,0.07713750000000001,0.04455345189130732,0.018625000000000003,0.0,0.09870315874566635,0.28043028662602104,0.062345833333333336,0.0,1.0,1.393444053332011,1494.5305013020834
sar_or_come_zero_bit_stable,0.3,0.0,0.8130857142857143,0.06028664346866399,0.0715047619047619,0.04177744616668403,0.014857142857142902,0.0,0.10356984898994366,0.29016186445951464,0.06545238095238096,0.0,1.0,1.4078710794448852,1494.68466796875
sar_or_come_zero_bit_stable,0.3,0.001,0.8130857142857143,0.06028664346866399,0.0715047619047619,0.04177744616668403,0.014857142857142902,0.0,0.10356984898994366,0.29016186445951464,0.06545238095238096,0.0,1.0,1.4078710794448852,1494.68466796875
sar_or_come_zero_bit_stable,0.3,0.005,0.8130857142857143,0.06028664346866399,0.0715047619047619,0.04177744616668403,0.014857142857142902,0.0,0.10356984898994366,0.29016186445951464,0.06545238095238096,0.0,1.0,1.4078710794448852,1494.68466796875
sar_or_come_zero_bit_stable,0.3,0.01,0.8130857142857143,0.06028664346866399,0.0715047619047619,0.04177744616668403,0.014857142857142902,0.0,0.10356984898994366,0.29016186445951464,0.06545238095238096,0.0,1.0,1.4078710794448852,1494.68466796875
sar_or_come_zero_bit_stable,0.3,0.02,0.8130857142857143,0.06028664346866399,0.0715047619047619,0.04177744616668403,0.014857142857142902,0.0,0.10356984898994366,0.29016186445951464,0.06545238095238096,0.0,1.0,1.4078710794448852,1494.68466796875
sar_or_come_zero_bit_stable,0.3,0.05,0.8130857142857143,0.06028664346866399,0.0715047619047619,0.04177744616668403,0.014857142857142902,0.0,0.10356984898994366,0.29016186445951464,0.06545238095238096,0.0,1.0,1.4078710794448852,1494.68466796875
sar_or_come_zero_bit_stable,0.3,0.1,0.8130857142857143,0.06028664346866399,0.0715047619047619,0.04177744616668403,0.014857142857142902,0.0,0.10356984898994366,0.29016186445951464,0.06545238095238096,0.0,1.0,1.4078710794448852,1494.68466796875
sar_or_come_zero_bit_stable,0.5,0.0,0.7929266666666667,0.072023683524975,0.049479999999999996,0.03919945812433355,-0.00880000000000003,0.13333333333333333,0.12177148862759272,0.325213065246741,0.07715999999999999,0.0,1.0,1.3738331000010173,1494.47216796875
sar_or_come_zero_bit_stable,0.5,0.001,0.7929266666666667,0.072023683524975,0.049479999999999996,0.03919945812433355,-0.00880000000000003,0.13333333333333333,0.12177148862759272,0.325213065246741,0.07715999999999999,0.0,1.0,1.3738331000010173,1494.47216796875
sar_or_come_zero_bit_stable,0.5,0.005,0.7929266666666667,0.072023683524975,0.049479999999999996,0.03919945812433355,-0.00880000000000003,0.13333333333333333,0.12177148862759272,0.325213065246741,0.07715999999999999,0.0,1.0,1.3738331000010173,1494.47216796875
sar_or_come_zero_bit_stable,0.5,0.01,0.7929266666666667,0.072023683524975,0.049479999999999996,0.03919945812433355,-0.00880000000000003,0.13333333333333333,0.12177148862759272,0.325213065246741,0.07715999999999999,0.0,1.0,1.3738331000010173,1494.47216796875
sar_or_come_zero_bit_stable,0.5,0.02,0.7929266666666667,0.072023683524975,0.049479999999999996,0.03919945812433355,-0.00880000000000003,0.13333333333333333,0.12177148862759272,0.325213065246741,0.07715999999999999,0.0,1.0,1.3738331000010173,1494.47216796875
sar_or_come_zero_bit_stable,0.5,0.05,0.7929266666666667,0.072023683524975,0.049479999999999996,0.03919945812433355,-0.00880000000000003,0.13333333333333333,0.12177148862759272,0.325213065246741,0.07715999999999999,0.0,1.0,1.3738331000010173,1494.47216796875
sar_or_come_zero_bit_stable,0.5,0.1,0.7929266666666667,0.072023683524975,0.049479999999999996,0.03919945812433355,-0.00880000000000003,0.13333333333333333,0.12177148862759272,0.325213065246741,0.07715999999999999,0.0,1.0,1.3738331000010173,1494.47216796875
self_gate_tent_zero_bit,0.0,0.0,0.74131,0.0820067968167147,0.0,0.0,0.0,0.0,0.15103371105675895,0.4044675270716349,0.09135666666666667,0.0,0.0,0.8534201701482137,785.5645833333333
self_gate_tent_zero_bit,0.0,0.001,0.8209966666666666,0.049899799483622685,0.07968666666666668,0.04477750153456713,0.02079999999999993,0.0,0.09751882109026114,0.27776708255211513,0.06245666666666667,0.0,0.5366666666666667,1.8785982847213745,1538.3952473958334
self_gate_tent_zero_bit,0.0,0.005,0.8236633333333334,0.0505775640823651,0.08235333333333333,0.04537576242986949,0.028799999999999937,0.0,0.0956739811075727,0.27318748186031977,0.060853333333333336,0.0,0.49333333333333335,1.8775999943415325,1538.2202473958334
self_gate_tent_zero_bit,0.0,0.01,0.82395,0.05075572840101148,0.08264,0.045009520831900025,0.031000000000000028,0.0,0.09525337727149327,0.2729987899462382,0.061053333333333334,0.0,0.48000000000000004,1.896024719874064,1538.3619140625
self_gate_tent_zero_bit,0.0,0.02,0.8244466666666667,0.05039375120904914,0.08313666666666668,0.04485531901211004,0.03049999999999997,0.0,0.09499366933246453,0.27224120994408924,0.06072333333333334,0.0,0.4666666666666667,1.9082074642181397,1538.2535807291667
self_gate_tent_zero_bit,0.0,0.05,0.8239633333333334,0.05083345683045105,0.08265333333333334,0.04489365774524423,0.031299999999999994,0.0,0.09532550109803677,0.27332759847243626,0.06082666666666667,0.0,0.42,1.8983818928400675,1538.1785807291667
self_gate_tent_zero_bit,0.0,0.1,0.8236733333333334,0.05081435402238865,0.08236333333333334,0.04467648832658407,0.030299999999999994,0.0,0.0953753322784106,0.2737139776349068,0.06095,0.0,0.37,1.9288232723871868,1538.3285807291666
self_gate_tent_zero_bit,0.1,0.0,0.7409777777777777,0.0822521349750925,0.0,0.0,0.0,0.0,0.15141329081671104,0.4052930245796839,0.09166296296296297,0.0,0.0,0.8962220589319865,785.50625
self_gate_tent_zero_bit,0.1,0.001,0.8132074074074074,0.05174182506353394,0.07222962962962963,0.040989464151418985,0.019888888888888956,0.0,0.10267060563647085,0.2905761768420537,0.06523333333333332,0.0,0.4766666666666667,1.9323249022165934,1538.4785807291667
self_gate_tent_zero_bit,0.1,0.005,0.819662962962963,0.05200788723736317,0.07868518518518518,0.04405224541813981,0.018888888888888955,0.0,0.09870145656979747,0.28023192981878914,0.06319259259259259,0.0,0.4766666666666667,1.929863691329956,1538.1369140625
self_gate_tent_zero_bit,0.1,0.01,0.8197296296296296,0.05256434507542592,0.07875185185185184,0.04391474269629757,0.023222222222222255,0.0,0.09878592474471641,0.28007542540629704,0.0632962962962963,0.0,0.48666666666666664,1.9666637579600017,1538.2869140625
self_gate_tent_zero_bit,0.1,0.02,0.821137037037037,0.0519640695472447,0.08015925925925925,0.043819258828767756,0.02533333333333332,0.0,0.0978882046651509,0.2776813914378484,0.06277407407407407,0.0,0.48000000000000004,1.9767326672871908,1538.2369140625
self_gate_tent_zero_bit,0.1,0.05,0.8208888888888889,0.053214634834591976,0.0799111111111111,0.043235062950914276,0.02677777777777779,0.0,0.09815137285932347,0.27785340895255406,0.0627,0.0,0.4166666666666667,1.9216760635375976,1538.2285807291667
self_gate_tent_zero_bit,0.1,0.1,0.8206777777777778,0.05255566774388,0.07969999999999998,0.0439616705802264,0.02677777777777779,0.0,0.09806027931797283,0.2786587685346603,0.06266666666666666,0.0,0.3733333333333333,1.964326763153076,1538.2535807291667
self_gate_tent_zero_bit,0.2,0.0,0.7417833333333334,0.08253645963778813,0.0,0.0,0.0,0.0,0.1512563830813393,0.40409049987792967,0.0915625,0.0,0.0,0.8777497927347819,785.5395833333333
self_gate_tent_zero_bit,0.2,0.001,0.8118583333333333,0.059898780762062336,0.07007500000000001,0.03901781202441281,0.020500000000000074,0.0,0.10579752130396664,0.2929807687799136,0.0674,0.0,0.49,1.9330820798873902,1538.4785807291667
self_gate_tent_zero_bit,0.2,0.005,0.8133583333333333,0.05739845543898905,0.07157500000000001,0.04128418907089468,0.020874999999999977,0.0,0.10478370088792095,0.2906390612324079,0.06640416666666667,0.0,0.49,1.9332395394643147,1538.1535807291666
self_gate_tent_zero_bit,0.2,0.01,0.8150791666666667,0.05686903135916672,0.07329583333333334,0.04100867868793002,0.02375000000000005,0.0,0.10384711001360167,0.2877895971139272,0.06611666666666667,0.0,0.4966666666666667,1.9206724484761557,1538.2702473958334
self_gate_tent_zero_bit,0.2,0.02,0.8155625,0.056684535669366855,0.07377916666666667,0.04174497547885115,0.02375000000000005,0.0,0.10344948310665786,0.28690902441740035,0.06606666666666666,0.0,0.47333333333333333,1.9691397349039714,1538.3119140625
self_gate_tent_zero_bit,0.2,0.05,0.8161458333333333,0.056838673349003443,0.07436250000000001,0.04151809885251956,0.023625000000000007,0.0,0.10297814560625702,0.28618513643741605,0.06572083333333333,0.0,0.45,1.9394630511601767,1538.2535807291667
self_gate_tent_zero_bit,0.2,0.1,0.8164,0.05676660663902982,0.07461666666666668,0.04083293513763153,0.02212500000000006,0.0,0.10238630823666851,0.2861447388927142,0.06567916666666666,0.0,0.38999999999999996,1.9493732770284018,1538.1952473958333
self_gate_tent_zero_bit,0.3,0.0,0.7415809523809523,0.0823209586307464,0.0,0.0,0.0,0.0,0.15112612307206505,0.4040881445010503,0.0910904761904762,0.0,0.0,0.8654724836349488,785.4645833333333
self_gate_tent_zero_bit,0.3,0.001,0.8043380952380953,0.06621461367786241,0.06275714285714287,0.034806778401054284,0.015285714285714347,0.0,0.11129786516385419,0.30546247909466423,0.07043333333333333,0.0,0.45666666666666667,1.923590858777364,1538.5285807291666
self_gate_tent_zero_bit,0.3,0.005,0.8085190476190476,0.06175090688827773,0.06693809523809523,0.038527080568523164,0.01657142857142857,0.0,0.1085544817045331,0.29928592095772427,0.06932857142857142,0.0,0.47333333333333333,1.9167558828989664,1538.1702473958333
self_gate_tent_zero_bit,0.3,0.01,0.8087095238095239,0.06118968883867274,0.06712857142857143,0.03754326333840887,0.01657142857142857,0.0,0.10859503213131712,0.29857055147488915,0.06895714285714286,0.0,0.4533333333333333,1.9512239694595337,1538.2202473958334
self_gate_tent_zero_bit,0.3,0.02,0.81,0.06220461797031805,0.06841904761904762,0.03793418006704069,0.01657142857142857,0.0,0.10792840567727884,0.2965938538312912,0.06873333333333333,0.0,0.44666666666666666,1.9681424458821615,1538.2202473958334
self_gate_tent_zero_bit,0.3,0.05,0.8102571428571429,0.06261140275622355,0.06867619047619049,0.03811735893056374,0.01557142857142857,0.0,0.10750479336508682,0.2968535482883453,0.06885238095238094,0.0,0.43666666666666665,1.9152193069458008,1538.2744140625
self_gate_tent_zero_bit,0.3,0.1,0.809747619047619,0.063228000052326,0.06816666666666667,0.038036522382467,0.01557142857142857,0.0,0.10772126821605932,0.2972390433152517,0.06855714285714284,0.0,0.36666666666666664,1.9674204270044962,1538.2369140625
self_gate_tent_zero_bit,0.5,0.0,0.7434466666666667,0.08248411647865526,0.0,0.0,0.0,0.0,0.1503952933816115,0.40092562486728034,0.09031333333333333,0.0,0.0,0.872165322303772,785.5479166666667
self_gate_tent_zero_bit,0.5,0.001,0.7893266666666666,0.07429429798203684,0.04588,0.0313001751675169,-0.00019999999999997797,0.03333333333333333,0.12550979032129048,0.3326520045598348,0.08048666666666666,0.0,0.47,1.9152310212453207,1538.3119140625
self_gate_tent_zero_bit,0.5,0.005,0.7916866666666666,0.07506983752311663,0.04824,0.03519331441212018,-0.0041999999999999815,0.06666666666666667,0.12445901916285357,0.32913486858208973,0.07976666666666667,0.0,0.44333333333333336,1.919586459795634,1538.2119140625
self_gate_tent_zero_bit,0.5,0.01,0.7917333333333333,0.07446258645527427,0.048286666666666665,0.03592427604274585,-0.005199999999999982,0.1,0.12452249830673139,0.32931046436230343,0.08009333333333334,0.0,0.44333333333333336,1.9396223624547322,1538.2452473958333
self_gate_tent_zero_bit,0.5,0.02,0.7913933333333334,0.07508792975839927,0.047946666666666665,0.036343568736514405,-0.011399999999999966,0.1,0.12464257241417966,0.3296202113231023,0.08022,0.0,0.45,1.953879674275716,1538.3369140625
self_gate_tent_zero_bit,0.5,0.05,0.79146,0.07488103944901882,0.04801333333333333,0.03559112378043188,-0.0028000000000000247,0.1,0.12438703134993712,0.32969907820224764,0.07996666666666667,0.0,0.43333333333333335,1.9318741321563722,1538.2452473958333
self_gate_tent_zero_bit,0.5,0.1,0.7911,0.07608472138074901,0.047653333333333325,0.03524765321934589,-0.0046000000000000485,0.1,0.12457639188776412,0.329263362288475,0.07952666666666668,0.0,0.36000000000000004,1.9641664425532024,1538.1369140625
tent,0.0,0.0,0.8250033333333333,0.050045830604752095,0.08369333333333336,0.04601114507664821,0.027799999999999936,0.0,0.09559122817402084,0.2720602497458458,0.06143,0.0,1.0,1.3915924787521363,1494.5013346354167
tent,0.0,0.001,0.8250033333333333,0.050045830604752095,0.08369333333333336,0.04601114507664821,0.027799999999999936,0.0,0.09559122817402084,0.2720602497458458,0.06143,0.0,1.0,1.3915924787521363,1494.5013346354167
tent,0.0,0.005,0.8250033333333333,0.050045830604752095,0.08369333333333336,0.04601114507664821,0.027799999999999936,0.0,0.09559122817402084,0.2720602497458458,0.06143,0.0,1.0,1.3915924787521363,1494.5013346354167
tent,0.0,0.01,0.8250033333333333,0.050045830604752095,0.08369333333333336,0.04601114507664821,0.027799999999999936,0.0,0.09559122817402084,0.2720602497458458,0.06143,0.0,1.0,1.3915924787521363,1494.5013346354167
tent,0.0,0.02,0.8250033333333333,0.050045830604752095,0.08369333333333336,0.04601114507664821,0.027799999999999936,0.0,0.09559122817402084,0.2720602497458458,0.06143,0.0,1.0,1.3915924787521363,1494.5013346354167
tent,0.0,0.05,0.8250033333333333,0.050045830604752095,0.08369333333333336,0.04601114507664821,0.027799999999999936,0.0,0.09559122817402084,0.2720602497458458,0.06143,0.0,1.0,1.3915924787521363,1494.5013346354167
tent,0.0,0.1,0.8250033333333333,0.050045830604752095,0.08369333333333336,0.04601114507664821,0.027799999999999936,0.0,0.09559122817402084,0.2720602497458458,0.06143,0.0,1.0,1.3915924787521363,1494.5013346354167
tent,0.1,0.0,0.8224148148148148,0.051898088671706956,0.08143703703703703,0.044547991765214366,0.02388888888888896,0.0,0.09810556126253472,0.27667396068572997,0.063,0.0,1.0,1.3922606309254963,1494.60966796875
tent,0.1,0.001,0.8224148148148148,0.051898088671706956,0.08143703703703703,0.044547991765214366,0.02388888888888896,0.0,0.09810556126253472,0.27667396068572997,0.063,0.0,1.0,1.3922606309254963,1494.60966796875
tent,0.1,0.005,0.8224148148148148,0.051898088671706956,0.08143703703703703,0.044547991765214366,0.02388888888888896,0.0,0.09810556126253472,0.27667396068572997,0.063,0.0,1.0,1.3922606309254963,1494.60966796875
tent,0.1,0.01,0.8224148148148148,0.051898088671706956,0.08143703703703703,0.044547991765214366,0.02388888888888896,0.0,0.09810556126253472,0.27667396068572997,0.063,0.0,1.0,1.3922606309254963,1494.60966796875
tent,0.1,0.02,0.8224148148148148,0.051898088671706956,0.08143703703703703,0.044547991765214366,0.02388888888888896,0.0,0.09810556126253472,0.27667396068572997,0.063,0.0,1.0,1.3922606309254963,1494.60966796875
tent,0.1,0.05,0.8224148148148148,0.051898088671706956,0.08143703703703703,0.044547991765214366,0.02388888888888896,0.0,0.09810556126253472,0.27667396068572997,0.063,0.0,1.0,1.3922606309254963,1494.60966796875
tent,0.1,0.1,0.8224148148148148,0.051898088671706956,0.08143703703703703,0.044547991765214366,0.02388888888888896,0.0,0.09810556126253472,0.27667396068572997,0.063,0.0,1.0,1.3922606309254963,1494.60966796875
tent,0.2,0.0,0.8163541666666667,0.055251054009034,0.07457083333333334,0.042699287870249514,0.018874999999999975,0.0,0.10404223048457255,0.2862554301818212,0.06664583333333333,0.0,1.0,1.3920841455459594,1494.5305013020834
tent,0.2,0.001,0.8163541666666667,0.055251054009034,0.07457083333333334,0.042699287870249514,0.018874999999999975,0.0,0.10404223048457255,0.2862554301818212,0.06664583333333333,0.0,1.0,1.3920841455459594,1494.5305013020834
tent,0.2,0.005,0.8163541666666667,0.055251054009034,0.07457083333333334,0.042699287870249514,0.018874999999999975,0.0,0.10404223048457255,0.2862554301818212,0.06664583333333333,0.0,1.0,1.3920841455459594,1494.5305013020834
tent,0.2,0.01,0.8163541666666667,0.055251054009034,0.07457083333333334,0.042699287870249514,0.018874999999999975,0.0,0.10404223048457255,0.2862554301818212,0.06664583333333333,0.0,1.0,1.3920841455459594,1494.5305013020834
tent,0.2,0.02,0.8163541666666667,0.055251054009034,0.07457083333333334,0.042699287870249514,0.018874999999999975,0.0,0.10404223048457255,0.2862554301818212,0.06664583333333333,0.0,1.0,1.3920841455459594,1494.5305013020834
tent,0.2,0.05,0.8163541666666667,0.055251054009034,0.07457083333333334,0.042699287870249514,0.018874999999999975,0.0,0.10404223048457255,0.2862554301818212,0.06664583333333333,0.0,1.0,1.3920841455459594,1494.5305013020834
tent,0.2,0.1,0.8163541666666667,0.055251054009034,0.07457083333333334,0.042699287870249514,0.018874999999999975,0.0,0.10404223048457255,0.2862554301818212,0.06664583333333333,0.0,1.0,1.3920841455459594,1494.5305013020834
tent,0.3,0.0,0.8096714285714286,0.060269488045803954,0.06809047619047619,0.04041610598845462,0.011714285714285788,0.0,0.10950515515456598,0.2971393177906672,0.06967619047619047,0.0,1.0,1.3980431795120238,1494.34716796875
tent,0.3,0.001,0.8096714285714286,0.060269488045803954,0.06809047619047619,0.04041610598845462,0.011714285714285788,0.0,0.10950515515456598,0.2971393177906672,0.06967619047619047,0.0,1.0,1.3980431795120238,1494.34716796875
tent,0.3,0.005,0.8096714285714286,0.060269488045803954,0.06809047619047619,0.04041610598845462,0.011714285714285788,0.0,0.10950515515456598,0.2971393177906672,0.06967619047619047,0.0,1.0,1.3980431795120238,1494.34716796875
tent,0.3,0.01,0.8096714285714286,0.060269488045803954,0.06809047619047619,0.04041610598845462,0.011714285714285788,0.0,0.10950515515456598,0.2971393177906672,0.06967619047619047,0.0,1.0,1.3980431795120238,1494.34716796875
tent,0.3,0.02,0.8096714285714286,0.060269488045803954,0.06809047619047619,0.04041610598845462,0.011714285714285788,0.0,0.10950515515456598,0.2971393177906672,0.06967619047619047,0.0,1.0,1.3980431795120238,1494.34716796875
tent,0.3,0.05,0.8096714285714286,0.060269488045803954,0.06809047619047619,0.04041610598845462,0.011714285714285788,0.0,0.10950515515456598,0.2971393177906672,0.06967619047619047,0.0,1.0,1.3980431795120238,1494.34716796875
tent,0.3,0.1,0.8096714285714286,0.060269488045803954,0.06809047619047619,0.04041610598845462,0.011714285714285788,0.0,0.10950515515456598,0.2971393177906672,0.06967619047619047,0.0,1.0,1.3980431795120238,1494.34716796875
tent,0.5,0.0,0.7883600000000001,0.07374837742224434,0.04491333333333333,0.03869319403160995,-0.013399999999999967,0.13333333333333333,0.1289136252948642,0.33561869263648986,0.08294,0.0,1.0,1.3939923922220865,1494.4638346354166
tent,0.5,0.001,0.7883600000000001,0.07374837742224434,0.04491333333333333,0.03869319403160995,-0.013399999999999967,0.13333333333333333,0.1289136252948642,0.33561869263648986,0.08294,0.0,1.0,1.3939923922220865,1494.4638346354166
tent,0.5,0.005,0.7883600000000001,0.07374837742224434,0.04491333333333333,0.03869319403160995,-0.013399999999999967,0.13333333333333333,0.1289136252948642,0.33561869263648986,0.08294,0.0,1.0,1.3939923922220865,1494.4638346354166
tent,0.5,0.01,0.7883600000000001,0.07374837742224434,0.04491333333333333,0.03869319403160995,-0.013399999999999967,0.13333333333333333,0.1289136252948642,0.33561869263648986,0.08294,0.0,1.0,1.3939923922220865,1494.4638346354166
tent,0.5,0.02,0.7883600000000001,0.07374837742224434,0.04491333333333333,0.03869319403160995,-0.013399999999999967,0.13333333333333333,0.1289136252948642,0.33561869263648986,0.08294,0.0,1.0,1.3939923922220865,1494.4638346354166
tent,0.5,0.05,0.7883600000000001,0.07374837742224434,0.04491333333333333,0.03869319403160995,-0.013399999999999967,0.13333333333333333,0.1289136252948642,0.33561869263648986,0.08294,0.0,1.0,1.3939923922220865,1494.4638346354166
tent,0.5,0.1,0.7883600000000001,0.07374837742224434,0.04491333333333333,0.03869319403160995,-0.013399999999999967,0.13333333333333333,0.1289136252948642,0.33561869263648986,0.08294,0.0,1.0,1.3939923922220865,1494.4638346354166
throttle_tent_zero_bit,0.0,0.0,0.74131,0.0820067968167147,0.0,0.0,0.0,0.0,0.15103371105675895,0.4044675270716349,0.09135666666666667,0.0,0.0,0.7374804496765137,741.9623372395833
throttle_tent_zero_bit,0.0,0.001,0.8230433333333332,0.04902905319778533,0.08173333333333335,0.04627762797048606,0.027799999999999936,0.0,0.09633927665124337,0.2750064303477605,0.061573333333333334,0.0,0.8033333333333333,1.5117779890696208,1494.5513346354167
throttle_tent_zero_bit,0.0,0.005,0.8046566666666667,0.04782315615230573,0.06334666666666668,0.045509504375523,0.0,0.0,0.10752388227125009,0.30315519819657005,0.06773333333333334,0.0,0.3766666666666667,1.0967615763346354,1444.53095703125
throttle_tent_zero_bit,0.0,0.01,0.7740133333333332,0.06205240684616752,0.032703333333333334,0.03940024928446725,0.0,0.0,0.12786091299081842,0.35167139569918315,0.07840333333333334,0.0,0.11666666666666667,0.8831085046132405,1193.7457356770833
throttle_tent_zero_bit,0.0,0.02,0.74787,0.07544263932012321,0.0065600000000000025,0.018916670261785073,0.0,0.0,0.1462827349309623,0.3940144936243693,0.08899333333333333,0.0,0.016666666666666666,0.796509591738383,842.36142578125
throttle_tent_zero_bit,0.0,0.05,0.74131,0.0820067968167147,0.0,0.0,0.0,0.0,0.15103371105675895,0.4044675270716349,0.09135666666666667,0.0,0.0,0.7644474426905314,742.3123372395834
throttle_tent_zero_bit,0.0,0.1,0.74131,0.0820067968167147,0.0,0.0,0.0,0.0,0.15103371105675895,0.4044675270716349,0.09135666666666667,0.0,0.0,0.7765891313552856,742.0873372395833
throttle_tent_zero_bit,0.1,0.0,0.7409777777777777,0.0822521349750925,0.0,0.0,0.0,0.0,0.15141329081671104,0.4052930245796839,0.09166296296296297,0.0,0.0,0.7684200525283813,741.9706705729167
throttle_tent_zero_bit,0.1,0.001,0.8221481481481482,0.05203453132957225,0.08117037037037036,0.04431824740043897,0.02344444444444449,0.0,0.09809354196853108,0.2768856450915337,0.06306666666666666,0.0,0.9166666666666666,1.6419171969095865,1494.67216796875
throttle_tent_zero_bit,0.1,0.005,0.8201814814814815,0.051621526718201985,0.0792037037037037,0.04340850227894015,0.02488888888888885,0.0,0.09873275706569354,0.27990079472462337,0.06338518518518518,0.0,0.6933333333333334,1.4369551102320353,1494.6305013020833
throttle_tent_zero_bit,0.1,0.01,0.807637037037037,0.051194667111760565,0.06665925925925925,0.04460155118490723,0.0,0.0,0.10615163595389436,0.29884659002224606,0.06701481481481482,0.0,0.35666666666666663,1.1144311666488647,1444.3142903645833
throttle_tent_zero_bit,0.1,0.02,0.755151851851852,0.07081952000137734,0.01417407407407408,0.030036230192324608,0.0,0.0,0.14109175607683483,0.382132559021314,0.08566296296296297,0.0,0.03333333333333333,0.8047338962554932,917.8253255208333
throttle_tent_zero_bit,0.1,0.05,0.7409777777777777,0.0822521349750925,0.0,0.0,0.0,0.0,0.15141329081671104,0.4052930245796839,0.09166296296296297,0.0,0.0,0.7582317988077799,741.9831705729167
throttle_tent_zero_bit,0.1,0.1,0.7409777777777777,0.0822521349750925,0.0,0.0,0.0,0.0,0.15141329081671104,0.4052930245796839,0.09166296296296297,0.0,0.0,0.7634325981140136,742.02900390625
throttle_tent_zero_bit,0.2,0.0,0.7417833333333334,0.08253645963778813,0.0,0.0,0.0,0.0,0.1512563830813393,0.40409049987792967,0.0915625,0.0,0.0,0.7464216709136963,742.0831705729166
throttle_tent_zero_bit,0.2,0.001,0.81635,0.055249828366093184,0.07456666666666668,0.04275309695040319,0.018874999999999975,0.0,0.10399790895848224,0.28614704807599384,0.06657916666666668,0.0,0.9700000000000001,1.701843500137329,1494.70966796875
throttle_tent_zero_bit,0.2,0.005,0.8162458333333333,0.05546858076305739,0.07446250000000001,0.04230305725378771,0.019625000000000004,0.0,0.10379974212609232,0.2860964382688204,0.06646666666666666,0.0,0.8366666666666667,1.5690431356430055,1494.5638346354167
throttle_tent_zero_bit,0.2,0.01,0.8129333333333334,0.05769362763373643,0.07115000000000002,0.04021459676663996,0.020000000000000018,0.0,0.10509510696629683,0.29117688635985056,0.06690416666666667,0.0,0.5833333333333334,1.359466544787089,1494.5930013020834
throttle_tent_zero_bit,0.2,0.02,0.7743625000000001,0.06775910002188536,0.03257916666666669,0.028529032462513117,0.0,0.0,0.12862095206032195,0.3517535795768102,0.07890416666666668,0.0,0.13333333333333333,0.9087924718856811,1344.0193684895833
throttle_tent_zero_bit,0.2,0.05,0.7417833333333334,0.08253645963778813,0.0,0.0,0.0,0.0,0.1512563830813393,0.40409049987792967,0.0915625,0.0,0.0,0.7642452716827393,742.1623372395833
throttle_tent_zero_bit,0.2,0.1,0.7417833333333334,0.08253645963778813,0.0,0.0,0.0,0.0,0.1512563830813393,0.40409049987792967,0.0915625,0.0,0.0,0.7768616358439128,742.12900390625
throttle_tent_zero_bit,0.3,0.0,0.7415809523809523,0.0823209586307464,0.0,0.0,0.0,0.0,0.15112612307206505,0.4040881445010503,0.0910904761904762,0.0,0.0,0.7553718249003093,741.9831705729167
throttle_tent_zero_bit,0.3,0.001,0.8096714285714286,0.060269488045803954,0.06809047619047619,0.04041610598845462,0.011714285714285788,0.0,0.10950551368203902,0.29713443915049237,0.06967142857142858,0.0,0.9966666666666666,1.7349103848139444,1494.7513346354167
throttle_tent_zero_bit,0.3,0.005,0.8095571428571429,0.06043485800370695,0.06797619047619047,0.04033667397273523,0.011285714285714343,0.0,0.10951608992077055,0.2971356337269147,0.06972380952380952,0.0,0.9366666666666668,1.6821062405904135,1494.50966796875
throttle_tent_zero_bit,0.3,0.01,0.8095857142857142,0.06058436229141617,0.06800476190476189,0.03936967263798194,0.01471428571428568,0.0,0.10889517814729895,0.29737035582462945,0.06943809523809524,0.0,0.75,1.4968362967173259,1494.5513346354167
throttle_tent_zero_bit,0.3,0.02,0.7953476190476191,0.06333753600387365,0.05376666666666666,0.03723528634747385,0.0,0.0,0.11575814045596691,0.31984680940707527,0.07260952380952382,0.0,0.3,1.0633496999740601,1419.3332682291666
throttle_tent_zero_bit,0.3,0.05,0.7415809523809523,0.0823209586307464,0.0,0.0,0.0,0.0,0.15112612307206505,0.4040881445010503,0.0910904761904762,0.0,0.0,0.7438911199569702,742.0748372395833
throttle_tent_zero_bit,0.3,0.1,0.7415809523809523,0.0823209586307464,0.0,0.0,0.0,0.0,0.15112612307206505,0.4040881445010503,0.0910904761904762,0.0,0.0,0.7636281887690226,742.1206705729167
throttle_tent_zero_bit,0.5,0.0,0.7434466666666667,0.08248411647865526,0.0,0.0,0.0,0.0,0.1503952933816115,0.40092562486728034,0.09031333333333333,0.0,0.0,0.7662949562072754,742.05400390625
throttle_tent_zero_bit,0.5,0.001,0.7883600000000001,0.07374837742224434,0.04491333333333333,0.03869319403160995,-0.013399999999999967,0.13333333333333333,0.1289136252948642,0.33561869263648986,0.08294,0.0,1.0,1.730739458401998,1494.69716796875
throttle_tent_zero_bit,0.5,0.005,0.7884266666666666,0.07384897418722719,0.04498,0.038582338285622436,-0.013399999999999967,0.13333333333333333,0.12884554312785465,0.33553536583979926,0.08287333333333334,0.0,0.9866666666666667,1.7169816017150878,1494.6388346354167
throttle_tent_zero_bit,0.5,0.01,0.7884933333333334,0.07382614681820386,0.045046666666666665,0.0386119396697119,-0.013399999999999967,0.13333333333333333,0.1287442746192217,0.3352669283747673,0.08274666666666668,0.0,0.9633333333333333,1.6923161506652833,1494.5763346354167
throttle_tent_zero_bit,0.5,0.02,0.7891933333333333,0.07464955335493943,0.045746666666666665,0.03738109178433003,-0.01319999999999999,0.13333333333333333,0.12700152041296164,0.3332442502180735,0.08101333333333334,0.0,0.6466666666666666,1.388445997238159,1494.54716796875
throttle_tent_zero_bit,0.5,0.05,0.7444866666666667,0.0817771856446162,0.0010400000000000001,0.005696314598053729,0.0,0.0,0.14984140275746585,0.3994266594449679,0.09016666666666667,0.0,0.0033333333333333335,0.7653772910435994,767.2225260416667
throttle_tent_zero_bit,0.5,0.1,0.7434466666666667,0.08248411647865526,0.0,0.0,0.0,0.0,0.1503952933816115,0.40092562486728034,0.09031333333333333,0.0,0.0,0.7757103045781454,742.1331705729167
