method,query_rate,id_accuracy_mean,id_accuracy_std,gain_mean,gain_std,gain_worst,negative_transfer_rate,ece_mean,ece_std,brier_mean,oem_0_9_mean,accept_rate_mean,collapse_rate,runtime_sec_mean,peak_memory_mb_mean
atta_or_simatta_style_active,0.0,0.374445,0.16381483182886294,0.0,0.0,0.0,0.0,0.31665293591678767,0.11938768423188838,0.9002820938825608,0.10588333333333333,0.0,0.0,0.6154592514038086,742.7155924479167
atta_or_simatta_style_active,0.001,0.4347316666666667,0.13116350062223953,0.06028666666666667,0.04249157231162581,-0.00930000000000003,0.06666666666666667,0.30381345137070864,0.09466188401155826,0.8334267596403758,0.11829833333333334,1.0,0.0,0.6830557346343994,786.3770833333333
atta_or_simatta_style_active,0.005,0.45665833333333333,0.12833573460590064,0.08221333333333333,0.04210610272876902,0.016199999999999992,0.0,0.27542698237519087,0.0853820708767519,0.7902275492747625,0.10265833333333334,1.0,0.0,0.6974487702051798,787.5078125
atta_or_simatta_style_active,0.01,0.4628966666666667,0.12896195729508192,0.08845166666666666,0.041859419658235746,0.02180000000000004,0.0,0.26846317970484496,0.08494981663233693,0.779071256518364,0.099235,1.0,0.0,0.7158052166302998,786.5161458333333
atta_or_simatta_style_active,0.02,0.46609833333333334,0.12656678613723013,0.09165333333333334,0.0438801814910059,0.021299999999999986,0.0,0.2632982217499241,0.08222702855928124,0.7721352388461431,0.09627666666666666,1.0,0.0,0.7632539908091227,1271.07060546875
atta_or_simatta_style_active,0.05,0.48316,0.11869236435395585,0.10871499999999999,0.053187451766593674,0.024699999999999944,0.0,0.24856194556370997,0.0735481433056079,0.7444363315900167,0.09057666666666667,1.0,0.0,0.9321004947026571,1542.6004557291667
atta_or_simatta_style_active,0.1,0.5089966666666667,0.10628636082383826,0.13455166666666668,0.0677614021718396,0.031200000000000006,0.0,0.22972545997786026,0.06165196798290048,0.7052022208770116,0.08498333333333334,1.0,0.0,1.2266207973162333,1543.5244140625
bitta_style_binary_feedback,0.0,0.374445,0.16381483182886294,0.0,0.0,0.0,0.0,0.31665293591678767,0.11938768423188838,0.9002820938825608,0.10588333333333333,0.0,0.0,0.6064252694447835,743.0390299479167
bitta_style_binary_feedback,0.001,0.427435,0.12830007044530875,0.052989999999999995,0.051165834403139494,-0.04580000000000001,0.11666666666666667,0.31679437763759244,0.09339041624839782,0.8510057141383489,0.12722666666666668,1.0,0.0,0.7134138186772664,786.3427083333333
bitta_style_binary_feedback,0.005,0.4575783333333333,0.12071419403385394,0.08313333333333334,0.05548684579697405,-0.03440000000000004,0.016666666666666666,0.2911418016564225,0.08183172901504326,0.8014096230268478,0.11650166666666667,1.0,0.0,0.7541783690452576,787.2630208333334
bitta_style_binary_feedback,0.01,0.4749966666666667,0.11926161950521068,0.10055166666666666,0.05769971797853314,0.0023999999999999577,0.0,0.27492499812815335,0.0793715184269052,0.7721612224976222,0.10907166666666666,1.0,0.0,0.779848317305247,786.4036458333334
bitta_style_binary_feedback,0.02,0.48823833333333333,0.11375671347916978,0.11379333333333333,0.06133239768384827,0.017299999999999982,0.0,0.2605017761671046,0.07379292175217046,0.7483688245217005,0.10164666666666666,1.0,0.0,0.8328660686810812,1115.5318196614583
bitta_style_binary_feedback,0.05,0.5030533333333334,0.1105325221972105,0.12860833333333332,0.06565897847821164,0.03049999999999997,0.0,0.2437456912293099,0.06841501209307782,0.7210331499576569,0.09322499999999999,1.0,0.0,0.9996022502581279,1541.9876302083333
bitta_style_binary_feedback,0.1,0.5161333333333333,0.10363190181332349,0.14168833333333333,0.0741358603766444,0.03610000000000002,0.0,0.22999795580998683,0.059964207219229015,0.698123016456763,0.08662833333333333,1.0,0.0,1.2905606508255005,1542.185546875
eatta_style_low_label,0.0,0.48893166666666665,0.11930904534971304,0.11448666666666665,0.05587761889867276,0.022600000000000064,0.0,0.24043117392567298,0.07072671704937798,0.7324770882725715,0.08600833333333333,1.0,0.0,0.7593707243601481,1495.4972981770834
eatta_style_low_label,0.001,0.49207,0.1036219257277407,0.11762500000000001,0.07681601092154099,-0.003300000000000025,0.016666666666666666,0.2704210191030117,0.06539282104928518,0.7519199659427007,0.112085,1.0,0.0,0.855585781733195,1495.21005859375
eatta_style_low_label,0.005,0.5175500000000001,0.10101757105086691,0.14310499999999998,0.07886715804848092,0.024800000000000044,0.0,0.23543479864215477,0.056205316185707795,0.6994646554191907,0.09085666666666666,1.0,0.0,0.8791777094205221,1495.2558919270834
eatta_style_low_label,0.01,0.5227999999999999,0.09989822617654597,0.14835500000000001,0.08070006705098763,0.024699999999999944,0.0,0.22781568130275856,0.05413909151307376,0.6893386195103327,0.08684333333333334,1.0,0.0,0.8729954322179159,1495.3871419270833
eatta_style_low_label,0.02,0.5253916666666666,0.09952678592127454,0.15094666666666667,0.080833007326502,0.031399999999999983,0.0,0.22358887613561004,0.05369558335632214,0.684136363863945,0.084435,1.0,0.0,0.8900652090708415,1495.3079752604167
eatta_style_low_label,0.05,0.5285566666666667,0.09846658620501707,0.15411166666666665,0.08223399250066162,0.03249999999999997,0.0,0.2189197729977158,0.05251913395566566,0.6775947396953901,0.08226166666666666,1.0,0.0,0.8771467884381612,1495.4486002604167
eatta_style_low_label,0.1,0.5307316666666667,0.09776560258098245,0.15628666666666666,0.08260463003945243,0.03210000000000002,0.0,0.21571334554844226,0.051653461522258866,0.673426536222299,0.0807,1.0,0.0,0.9135018348693847,1495.1902669270833
fb_gate_tent,0.0,0.374445,0.16381483182886294,0.0,0.0,0.0,0.0,0.31665293591678767,0.11938768423188838,0.9002820938825608,0.10588333333333333,0.0,0.0,0.6719436764717102,786.347265625
fb_gate_tent,0.001,0.45599,0.13796329492210133,0.08154499999999999,0.07223459058007588,0.0,0.0,0.26064822231123846,0.09347578977463036,0.7809980442126592,0.091475,0.16,0.0,1.4905818223953247,1539.1112630208333
fb_gate_tent,0.005,0.5187083333333333,0.1114163109071477,0.14426333333333333,0.0826827302827238,0.01100000000000001,0.0,0.22068408201276635,0.06481874889429341,0.6898727128903072,0.08090833333333333,0.35833333333333334,0.0,1.5078121304512024,1539.0362630208333
fb_gate_tent,0.01,0.5304466666666666,0.10799458157573233,0.15600166666666665,0.08436911534616082,0.02629999999999999,0.0,0.21434529251994566,0.06160101739419659,0.6738485594590505,0.07966166666666667,0.45666666666666667,0.0,1.5156548380851746,1539.0154296875
fb_gate_tent,0.02,0.5352,0.10170716688911434,0.16075499999999998,0.08645601884724542,0.032299999999999995,0.0,0.21009463677292692,0.05563089455133911,0.6659826303521792,0.07759999999999999,0.41833333333333333,0.0,1.5221436540285747,1539.0279296875
fb_gate_tent,0.05,0.5423866666666667,0.09802869255973864,0.16794166666666666,0.09098677924388322,0.03920000000000001,0.0,0.20550073334165536,0.05196419909113924,0.6555502121647199,0.07621666666666667,0.4083333333333333,0.0,1.5217488765716554,1539.0029296875
fb_gate_tent,0.1,0.54161,0.09569009955341444,0.16716499999999998,0.09097020340078206,0.03510000000000002,0.0,0.20570246887383362,0.05057059682001004,0.6563886284828186,0.07652833333333334,0.39499999999999996,0.0,1.5399023175239563,1538.9779296875
frozen,0.0,0.374445,0.16381483182886294,0.0,0.0,0.0,0.0,0.31665293591678767,0.11938768423188838,0.9002820938825608,0.10588333333333333,0.0,0.0,0.33954466581344606,742.20048828125
frozen,0.001,0.374445,0.16381483182886294,0.0,0.0,0.0,0.0,0.31665293591678767,0.11938768423188838,0.9002820938825608,0.10588333333333333,0.0,0.0,0.33954466581344606,742.20048828125
frozen,0.005,0.374445,0.16381483182886294,0.0,0.0,0.0,0.0,0.31665293591678767,0.11938768423188838,0.9002820938825608,0.10588333333333333,0.0,0.0,0.33954466581344606,742.20048828125
frozen,0.01,0.374445,0.16381483182886294,0.0,0.0,0.0,0.0,0.31665293591678767,0.11938768423188838,0.9002820938825608,0.10588333333333333,0.0,0.0,0.33954466581344606,742.20048828125
frozen,0.02,0.374445,0.16381483182886294,0.0,0.0,0.0,0.0,0.31665293591678767,0.11938768423188838,0.9002820938825608,0.10588333333333333,0.0,0.0,0.33954466581344606,742.20048828125
frozen,0.05,0.374445,0.16381483182886294,0.0,0.0,0.0,0.0,0.31665293591678767,0.11938768423188838,0.9002820938825608,0.10588333333333333,0.0,0.0,0.33954466581344606,742.20048828125
frozen,0.1,0.374445,0.16381483182886294,0.0,0.0,0.0,0.0,0.31665293591678767,0.11938768423188838,0.9002820938825608,0.10588333333333333,0.0,0.0,0.33954466581344606,742.20048828125
full_label_active_reference,0.0,0.374445,0.16381483182886294,0.0,0.0,0.0,0.0,0.31665293591678767,0.11938768423188838,0.9002820938825608,0.10588333333333333,0.0,0.0,0.6069535930951436,742.5546549479167
full_label_active_reference,0.001,0.423775,0.1322396317745342,0.04933,0.04705684733761849,-0.029700000000000004,0.16666666666666666,0.3304126738382379,0.10245490866876521,0.8670801331599554,0.14056166666666667,1.0,0.0,0.6878183046976726,786.3286458333333
full_label_active_reference,0.005,0.456155,0.13103763132029628,0.08170999999999999,0.039799990205262405,0.019399999999999973,0.0,0.2826771212488289,0.08989721383644303,0.7966751684745152,0.10879166666666666,1.0,0.0,0.6990143497784932,787.6078125
full_label_active_reference,0.01,0.46326,0.13100234336110822,0.088815,0.04011153866281252,0.02100000000000002,0.0,0.27200761269710955,0.08776815391087371,0.7813419868548711,0.102225,1.0,0.0,0.7152915875116984,786.1119791666666
full_label_active_reference,0.02,0.4666666666666667,0.1287797629467952,0.09222166666666666,0.04210249838259599,0.026800000000000046,0.0,0.2653398491557191,0.08500628592067008,0.7729633818070094,0.097985,1.0,0.0,0.7079846103986104,785.6223958333334
full_label_active_reference,0.05,0.472545,0.1264658986996032,0.0981,0.04498368819238626,0.023499999999999965,0.0,0.25628186615298815,0.08076072239038194,0.7602911760409673,0.09282,1.0,0.0,0.7310109496116638,787.0015625
full_label_active_reference,0.1,0.47653166666666663,0.1255939509118561,0.10208666666666666,0.04627948429559978,0.026900000000000035,0.0,0.250920535382734,0.07932862315817825,0.7525880197683971,0.09035166666666666,1.0,0.0,0.767571763197581,787.840625
sar_or_come_zero_bit_stable,0.0,0.5519649999999999,0.09292105419956939,0.17751999999999998,0.09347568667840853,0.04500000000000004,0.0,0.19268587404844661,0.045751281866134426,0.6371259291966757,0.07102666666666665,1.0,0.0,1.0719127893447875,1495.2415690104167
sar_or_come_zero_bit_stable,0.001,0.5519649999999999,0.09292105419956939,0.17751999999999998,0.09347568667840853,0.04500000000000004,0.0,0.19268587404844661,0.045751281866134426,0.6371259291966757,0.07102666666666665,1.0,0.0,1.0719127893447875,1495.2415690104167
sar_or_come_zero_bit_stable,0.005,0.5519649999999999,0.09292105419956939,0.17751999999999998,0.09347568667840853,0.04500000000000004,0.0,0.19268587404844661,0.045751281866134426,0.6371259291966757,0.07102666666666665,1.0,0.0,1.0719127893447875,1495.2415690104167
sar_or_come_zero_bit_stable,0.01,0.5519649999999999,0.09292105419956939,0.17751999999999998,0.09347568667840853,0.04500000000000004,0.0,0.19268587404844661,0.045751281866134426,0.6371259291966757,0.07102666666666665,1.0,0.0,1.0719127893447875,1495.2415690104167
sar_or_come_zero_bit_stable,0.02,0.5519649999999999,0.09292105419956939,0.17751999999999998,0.09347568667840853,0.04500000000000004,0.0,0.19268587404844661,0.045751281866134426,0.6371259291966757,0.07102666666666665,1.0,0.0,1.0719127893447875,1495.2415690104167
sar_or_come_zero_bit_stable,0.05,0.5519649999999999,0.09292105419956939,0.17751999999999998,0.09347568667840853,0.04500000000000004,0.0,0.19268587404844661,0.045751281866134426,0.6371259291966757,0.07102666666666665,1.0,0.0,1.0719127893447875,1495.2415690104167
sar_or_come_zero_bit_stable,0.1,0.5519649999999999,0.09292105419956939,0.17751999999999998,0.09347568667840853,0.04500000000000004,0.0,0.19268587404844661,0.045751281866134426,0.6371259291966757,0.07102666666666665,1.0,0.0,1.0719127893447875,1495.2415690104167
self_gate_tent_zero_bit,0.0,0.374445,0.16381483182886294,0.0,0.0,0.0,0.0,0.31665293591678767,0.11938768423188838,0.9002820938825608,0.10588333333333333,0.0,0.0,0.7136658072471619,786.222265625
self_gate_tent_zero_bit,0.001,0.5279583333333333,0.09667526332805115,0.1535133333333333,0.0887591226472375,0.02179999999999993,0.0,0.21420580851768453,0.053440510275968994,0.6759709944327672,0.07892666666666666,0.42833333333333334,0.0,1.4902839501698812,1539.2112630208333
self_gate_tent_zero_bit,0.005,0.5383033333333334,0.0927181476516588,0.16385833333333333,0.09411918569462452,0.021399999999999975,0.0,0.20814062119287127,0.048943578593859345,0.6608298266927402,0.07725833333333335,0.43,0.0,1.513397959868113,1538.9529296875
self_gate_tent_zero_bit,0.01,0.5417333333333333,0.09435602909188531,0.16728833333333334,0.09349110189086642,0.023399999999999976,0.0,0.20619510906642302,0.049683652963245305,0.6561916117866834,0.07697666666666667,0.4266666666666667,0.0,1.516371770699819,1539.1404296875
self_gate_tent_zero_bit,0.02,0.5429033333333333,0.09427423568570732,0.16845833333333332,0.09358686401316808,0.021399999999999975,0.0,0.20560320147183414,0.049537670504185866,0.6540330628554026,0.07657333333333334,0.41833333333333333,0.0,1.5194097836812337,1538.9779296875
self_gate_tent_zero_bit,0.05,0.5439433333333333,0.0935046384540862,0.16949833333333333,0.09368048562537265,0.018900000000000028,0.0,0.20472992629295836,0.048882317030841345,0.6525813127557437,0.07635166666666666,0.4033333333333333,0.0,1.517529586950938,1539.0362630208333
self_gate_tent_zero_bit,0.1,0.5438283333333334,0.09394632454481777,0.16938333333333333,0.09304950963297902,0.024800000000000044,0.0,0.20489124014010032,0.049310773979435875,0.6530657410621643,0.07624833333333333,0.40166666666666667,0.0,1.5367603222529094,1538.9570963541667
tent,0.0,0.55306,0.09263217986079514,0.17861500000000002,0.0935036078792721,0.04479999999999995,0.0,0.20200695406468586,0.04814986661418339,0.6418728883067767,0.07664333333333334,1.0,0.0,1.070046881834666,1495.16240234375
tent,0.001,0.55306,0.09263217986079514,0.17861500000000002,0.0935036078792721,0.04479999999999995,0.0,0.20200695406468586,0.04814986661418339,0.6418728883067767,0.07664333333333334,1.0,0.0,1.070046881834666,1495.16240234375
tent,0.005,0.55306,0.09263217986079514,0.17861500000000002,0.0935036078792721,0.04479999999999995,0.0,0.20200695406468586,0.04814986661418339,0.6418728883067767,0.07664333333333334,1.0,0.0,1.070046881834666,1495.16240234375
tent,0.01,0.55306,0.09263217986079514,0.17861500000000002,0.0935036078792721,0.04479999999999995,0.0,0.20200695406468586,0.04814986661418339,0.6418728883067767,0.07664333333333334,1.0,0.0,1.070046881834666,1495.16240234375
tent,0.02,0.55306,0.09263217986079514,0.17861500000000002,0.0935036078792721,0.04479999999999995,0.0,0.20200695406468586,0.04814986661418339,0.6418728883067767,0.07664333333333334,1.0,0.0,1.070046881834666,1495.16240234375
tent,0.05,0.55306,0.09263217986079514,0.17861500000000002,0.0935036078792721,0.04479999999999995,0.0,0.20200695406468586,0.04814986661418339,0.6418728883067767,0.07664333333333334,1.0,0.0,1.070046881834666,1495.16240234375
tent,0.1,0.55306,0.09263217986079514,0.17861500000000002,0.0935036078792721,0.04479999999999995,0.0,0.20200695406468586,0.04814986661418339,0.6418728883067767,0.07664333333333334,1.0,0.0,1.070046881834666,1495.16240234375
throttle_tent_zero_bit,0.0,0.374445,0.16381483182886294,0.0,0.0,0.0,0.0,0.31665293591678767,0.11938768423188838,0.9002820938825608,0.10588333333333333,0.0,0.0,0.6275930881500245,742.6088216145833
throttle_tent_zero_bit,0.001,0.55306,0.09263217986079514,0.17861500000000002,0.0935036078792721,0.04479999999999995,0.0,0.20200695406468586,0.04814986661418339,0.6418728883067767,0.07664333333333334,1.0,0.0,1.345447019735972,1495.39365234375
throttle_tent_zero_bit,0.005,0.55306,0.09263217986079514,0.17861500000000002,0.0935036078792721,0.04479999999999995,0.0,0.20200695406468586,0.04814986661418339,0.6418728883067767,0.07664333333333334,1.0,0.0,1.3460844477017722,1495.2269856770833
throttle_tent_zero_bit,0.01,0.55306,0.09263217986079514,0.17861500000000002,0.0935036078792721,0.04479999999999995,0.0,0.20200695406468586,0.04814986661418339,0.6418728883067767,0.07664333333333334,1.0,0.0,1.3458205223083497,1495.1832356770833
throttle_tent_zero_bit,0.02,0.55306,0.09263217986079514,0.17861500000000002,0.0935036078792721,0.04479999999999995,0.0,0.20200695406468586,0.04814986661418339,0.6418728883067767,0.07664333333333334,1.0,0.0,1.3452990214029947,1495.21865234375
throttle_tent_zero_bit,0.05,0.55306,0.09263217986079514,0.17861500000000002,0.0935036078792721,0.04479999999999995,0.0,0.20200695406468586,0.04814986661418339,0.6418728883067767,0.07664333333333334,1.0,0.0,1.3434733748435974,1495.2269856770833
throttle_tent_zero_bit,0.1,0.55306,0.09263217986079514,0.17861500000000002,0.0935036078792721,0.04479999999999995,0.0,0.20200695406468586,0.04814986661418339,0.6418728883067767,0.07664333333333334,1.0,0.0,1.343696908156077,1495.2915690104167
