method,robustness_axis,robustness_value,feedback_noise,feedback_delay_windows,contamination_ratio,query_rate,id_accuracy_mean,id_accuracy_std,gain_mean,gain_std,gain_worst,negative_transfer_rate,ece_mean,brier_mean,oem_0_9_mean,collapse_rate,accept_rate_mean,runtime_sec_mean,peak_memory_mb_mean
fb_gate_tent,feedback_noise,0.0,0.0,0,0.0,0.0,0.4727366666666667,0.12893535531643255,0.0,0.0,0.0,0.0,0.2490895438816398,0.756009844938914,0.08818,0.0,0.0,0.68748992284139,786.3139322916667
fb_gate_tent,feedback_noise,0.0,0.0,0,0.0,0.001,0.5328833333333333,0.10642818554387233,0.06014666666666666,0.05381732020477226,0.0,0.0,0.2119913358519226,0.670390264193217,0.07901666666666667,0.0,0.14,1.5282966454823812,1539.0779296875
fb_gate_tent,feedback_noise,0.0,0.0,0,0.0,0.005,0.5814133333333333,0.07907047809231413,0.10867666666666667,0.06359863197039499,0.01990000000000003,0.0,0.1842253173800433,0.6020159641901652,0.07226,0.0,0.33,1.538375973701477,1539.0279296875
fb_gate_tent,feedback_noise,0.0,0.0,0,0.0,0.01,0.5957733333333334,0.07488218301661168,0.12303666666666667,0.06645515201912533,0.034500000000000086,0.0,0.17680949778931832,0.581191728512446,0.07017000000000001,0.0,0.42,1.548225474357605,1539.0529296875
fb_gate_tent,feedback_noise,0.0,0.0,0,0.0,0.02,0.5959233333333334,0.07319443017877389,0.12318666666666665,0.0679256628834855,0.03410000000000002,0.0,0.1766308232270181,0.5807863672574362,0.07024666666666667,0.0,0.4,1.5540889898935955,1539.0029296875
fb_gate_tent,feedback_noise,0.0,0.0,0,0.0,0.05,0.59788,0.07226679210660535,0.12514333333333333,0.06838442393397498,0.0343,0.0,0.1755375152404358,0.5782206863164902,0.06981333333333332,0.0,0.4,1.5526816288630167,1539.0612630208334
fb_gate_tent,feedback_noise,0.0,0.0,0,0.0,0.1,0.59788,0.07286208228209481,0.12514333333333333,0.06681889926398499,0.03939999999999999,0.0,0.17498464249100534,0.5783117016156515,0.06974333333333332,0.0,0.35,1.5789438327153524,1538.9279296875
fb_gate_tent,feedback_noise,0.0,0.0,0,0.1,0.0,0.4718148148148148,0.1284265930844045,0.0,0.0,0.0,0.0,0.25022190426226565,0.7578247765700022,0.08892592592592588,0.0,0.0,0.6892764409383138,786.359765625
fb_gate_tent,feedback_noise,0.0,0.0,0,0.1,0.001,0.5251222222222222,0.11189825910913904,0.053307407407407394,0.04310088636632258,0.0,0.0,0.21815875481982472,0.6822195221980413,0.08103333333333329,0.0,0.14,1.5323505640029906,1539.0820963541667
fb_gate_tent,feedback_noise,0.0,0.0,0,0.1,0.005,0.5659481481481482,0.08780059227898719,0.09413333333333333,0.055616107996785326,0.028666666666666618,0.0,0.1944464243802483,0.6241554508606593,0.07548518518518516,0.0,0.25666666666666665,1.5409512758255004,1538.9820963541667
fb_gate_tent,feedback_noise,0.0,0.0,0,0.1,0.01,0.5850148148148148,0.08054150350860906,0.1132,0.059525614364171815,0.0401111111111111,0.0,0.1845076850627307,0.5965224693218867,0.07258148148148143,0.0,0.4066666666666667,1.5445089101791383,1539.0112630208334
fb_gate_tent,feedback_noise,0.0,0.0,0,0.1,0.02,0.5797925925925926,0.07802376390425818,0.10797777777777777,0.06452695471046224,0.016888888888888842,0.0,0.18618052408913216,0.6044447839260101,0.0734333333333333,0.0,0.32333333333333336,1.554568640391032,1538.9612630208333
fb_gate_tent,feedback_noise,0.0,0.0,0,0.1,0.05,0.5893444444444444,0.07608829173817667,0.11752962962962964,0.06372190193450078,0.03822222222222227,0.0,0.18152679411205977,0.5903539458910624,0.07136666666666662,0.0,0.36000000000000004,1.5572065194447835,1538.9570963541667
fb_gate_tent,feedback_noise,0.0,0.0,0,0.1,0.1,0.5869518518518518,0.0773986967973542,0.11513703703703705,0.06384803746981567,0.018555555555555547,0.0,0.1824000524460165,0.594231974085172,0.07195925925925922,0.0,0.33,1.5790970087051392,1538.9862630208333
fb_gate_tent,feedback_noise,0.0,0.0,0,0.2,0.0,0.4688125,0.1275713532170837,0.0,0.0,0.0,0.0,0.25224656100439213,0.7622202734152476,0.08957916666666667,0.0,0.0,0.6870020151138305,786.422265625
fb_gate_tent,feedback_noise,0.0,0.0,0,0.2,0.001,0.5169333333333334,0.10820580612834531,0.04812083333333333,0.05415179100555396,0.0,0.0,0.22307823047242126,0.6942654490470886,0.083025,0.0,0.10666666666666667,1.5283243815104166,1538.9654296875
fb_gate_tent,feedback_noise,0.0,0.0,0,0.2,0.005,0.5493833333333333,0.09240054609979444,0.08057083333333331,0.0565120112665003,0.0,0.0,0.20401181889825185,0.6473529835542043,0.0777625,0.0,0.24333333333333332,1.541074021657308,1538.9737630208333
fb_gate_tent,feedback_noise,0.0,0.0,0,0.2,0.01,0.5673166666666667,0.07958150055059951,0.09850416666666666,0.05954739929008357,0.022499999999999964,0.0,0.19371265629196224,0.6220808764298756,0.07573333333333333,0.0,0.31,1.5547675212224326,1538.8820963541666
fb_gate_tent,feedback_noise,0.0,0.0,0,0.2,0.02,0.5604375,0.08064683779368347,0.091625,0.05765647748997267,0.0,0.0,0.19718143648966213,0.6313652694225311,0.0764125,0.0,0.25666666666666665,1.5532917102177939,1538.9195963541667
fb_gate_tent,feedback_noise,0.0,0.0,0,0.2,0.05,0.5704166666666667,0.083429186970183,0.10160416666666666,0.05780688424107391,0.011874999999999969,0.0,0.1925068164170409,0.617133245865504,0.07508333333333334,0.0,0.26999999999999996,1.5585863749186197,1539.0029296875
fb_gate_tent,feedback_noise,0.0,0.0,0,0.2,0.1,0.5711041666666666,0.08011779503442515,0.10229166666666666,0.060849254923233405,0.016125000000000056,0.0,0.19107097934077802,0.6164658556381861,0.07472083333333333,0.0,0.25333333333333335,1.585497538248698,1538.9112630208333
fb_gate_tent,feedback_noise,0.0,0.0,0,0.3,0.0,0.4690190476190476,0.12861672838169458,0.0,0.0,0.0,0.0,0.2524928834147751,0.7623664299647014,0.08997142857142854,0.0,0.0,0.6867760022481283,786.222265625
fb_gate_tent,feedback_noise,0.0,0.0,0,0.3,0.001,0.49448095238095235,0.12882688078305637,0.025461904761904765,0.030915213632881307,0.0,0.0,0.23881851194461892,0.727924625078837,0.08758571428571424,0.0,0.060000000000000005,1.5392357587814331,1538.9404296875
fb_gate_tent,feedback_noise,0.0,0.0,0,0.3,0.005,0.541947619047619,0.08803490353913458,0.07292857142857143,0.05506980727648672,0.0,0.0,0.20832306039361723,0.6590454240640005,0.07942857142857139,0.0,0.19333333333333333,1.5445581436157227,1539.0862630208333
fb_gate_tent,feedback_noise,0.0,0.0,0,0.3,0.01,0.5528095238095238,0.08920939266741554,0.0837904761904762,0.0515455802658664,0.0,0.0,0.2030466303376924,0.643653291463852,0.07810952380952377,0.0,0.26999999999999996,1.557849899927775,1538.9362630208334
fb_gate_tent,feedback_noise,0.0,0.0,0,0.3,0.02,0.5432714285714285,0.08786385372263307,0.07425238095238096,0.05343100391361288,0.0,0.0,0.20801658568156967,0.65683038632075,0.07905238095238092,0.0,0.22333333333333333,1.554823064804077,1539.0612630208334
fb_gate_tent,feedback_noise,0.0,0.0,0,0.3,0.05,0.5534619047619048,0.08629891494734121,0.08444285714285714,0.05401549742433733,0.006857142857142784,0.0,0.2019528227709943,0.642666079600652,0.07756190476190472,0.0,0.21666666666666667,1.5642072439193726,1538.9945963541666
fb_gate_tent,feedback_noise,0.0,0.0,0,0.3,0.1,0.5513809523809524,0.08892215901333994,0.08236190476190479,0.054429014043858394,0.0,0.0,0.20325064567540368,0.6454884121815364,0.07789047619047615,0.0,0.2,1.5806970755259195,1539.0529296875
fb_gate_tent,feedback_noise,0.0,0.0,0,0.5,0.0,0.46731333333333336,0.1290461631738235,0.0,0.0,0.0,0.0,0.2541007132915655,0.765040518840154,0.08998666666666666,0.0,0.0,0.6864574750264486,786.472265625
fb_gate_tent,feedback_noise,0.0,0.0,0,0.5,0.001,0.48038000000000003,0.12358882161258036,0.013066666666666666,0.02436607779529641,0.0,0.0,0.24709351188917952,0.7470300217469533,0.08937333333333333,0.0,0.03333333333333333,1.5362903118133544,1538.7945963541667
fb_gate_tent,feedback_noise,0.0,0.0,0,0.5,0.005,0.5027266666666667,0.11142780539924477,0.035413333333333324,0.03146956639668559,0.0,0.0,0.2337023879849414,0.7134162942568462,0.08541333333333334,0.0,0.12000000000000001,1.545398728052775,1539.1029296875
fb_gate_tent,feedback_noise,0.0,0.0,0,0.5,0.01,0.5141,0.10957687586410707,0.04678666666666666,0.02998555667643012,0.0,0.0,0.22841753688593702,0.698014090458552,0.08472666666666667,0.0,0.17,1.5528454542160035,1538.8904296875
fb_gate_tent,feedback_noise,0.0,0.0,0,0.5,0.02,0.50298,0.11110892263745148,0.03566666666666666,0.03412865449254138,0.0,0.0,0.2330143918535113,0.7135528822739919,0.08513333333333332,0.0,0.11000000000000001,1.5710009892781576,1538.8612630208333
fb_gate_tent,feedback_noise,0.0,0.0,0,0.5,0.05,0.50942,0.1070932091604125,0.04210666666666665,0.036025919149616614,0.0,0.0,0.22974414677391447,0.7047054270903269,0.08476,0.0,0.11333333333333334,1.5626397371292113,1538.8945963541667
fb_gate_tent,feedback_noise,0.0,0.0,0,0.5,0.1,0.49923333333333336,0.10666986884561278,0.03191999999999999,0.03689315794897851,0.0,0.0,0.23481802924508846,0.7199841777483622,0.08660666666666667,0.0,0.07666666666666667,1.5831205368041992,1538.8029296875
fb_gate_tent,feedback_noise,0.05,0.05,0,0.0,0.0,0.4727366666666667,0.12893535531643255,0.0,0.0,0.0,0.0,0.2490895438816398,0.756009844938914,0.08818,0.0,0.0,0.68748992284139,786.3139322916667
fb_gate_tent,feedback_noise,0.05,0.05,0,0.0,0.001,0.5300966666666667,0.10624186616601185,0.057359999999999994,0.054493046693418,0.0,0.0,0.2132387426332136,0.6739837944507598,0.07913666666666666,0.0,0.13,1.6886554479598999,1539.4237630208333
fb_gate_tent,feedback_noise,0.05,0.05,0,0.0,0.005,0.5804100000000001,0.07980114228721807,0.10767333333333333,0.06250517183199424,0.02100000000000002,0.0,0.1851748998402059,0.6033740202585857,0.07281666666666667,0.0,0.37,1.6784339507420858,1539.4570963541667
fb_gate_tent,feedback_noise,0.05,0.05,0,0.0,0.01,0.5959633333333334,0.07316752380824355,0.12322666666666665,0.06767238490079183,0.04049999999999998,0.0,0.17686309497299293,0.5814257323741913,0.07041333333333334,0.0,0.4666666666666667,1.6785829067230225,1539.3737630208334
fb_gate_tent,feedback_noise,0.05,0.05,0,0.0,0.02,0.5888966666666666,0.07711770440912606,0.11616,0.06729776140151449,0.01319999999999999,0.0,0.1801005010292679,0.5913287689288457,0.07138666666666667,0.0,0.38999999999999996,1.6787967681884766,1539.4195963541667
fb_gate_tent,feedback_noise,0.05,0.05,0,0.0,0.05,0.59858,0.07046679041735995,0.12584333333333333,0.06965894097293804,0.026599999999999957,0.0,0.17542541211651017,0.5771694272756577,0.06996666666666668,0.0,0.44,1.6798627138137818,1539.3612630208333
fb_gate_tent,feedback_noise,0.05,0.05,0,0.0,0.1,0.5980766666666667,0.07070004479017913,0.12534,0.06874392060895024,0.03410000000000002,0.0,0.17520831995764127,0.5783380766709646,0.07003666666666668,0.0,0.43333333333333335,1.6956736723581949,1539.4654296875
fb_gate_tent,feedback_noise,0.05,0.05,0,0.1,0.0,0.4718148148148148,0.1284265930844045,0.0,0.0,0.0,0.0,0.25022190426226565,0.7578247765700022,0.08892592592592588,0.0,0.0,0.6892764409383138,786.359765625
fb_gate_tent,feedback_noise,0.05,0.05,0,0.1,0.001,0.5443333333333332,0.08954281494800269,0.07251851851851851,0.054788026314554386,0.0,0.0,0.2051251054448938,0.6540972371896108,0.07744444444444444,0.0,0.17,1.6767396450042724,1539.3237630208334
fb_gate_tent,feedback_noise,0.05,0.05,0,0.1,0.005,0.5689814814814814,0.08460046125499536,0.09716666666666667,0.05568808521801626,0.02155555555555555,0.0,0.19296163563041224,0.6192265768845876,0.07490740740740741,0.0,0.33,1.6786250034968058,1539.5112630208334
fb_gate_tent,feedback_noise,0.05,0.05,0,0.1,0.01,0.5783074074074075,0.07688799571676502,0.10649259259259258,0.059661109663195114,0.031333333333333324,0.0,0.1881149222423909,0.6058003634214402,0.07327407407407407,0.0,0.43666666666666665,1.6738863150278727,1539.5529296875
fb_gate_tent,feedback_noise,0.05,0.05,0,0.1,0.02,0.5791703703703703,0.07382865769300148,0.10735555555555557,0.0649836630089999,0.02388888888888885,0.0,0.18686636420833294,0.6051528175671895,0.07326296296296296,0.0,0.4233333333333333,1.6787001132965087,1539.5154296875
fb_gate_tent,feedback_noise,0.05,0.05,0,0.1,0.05,0.5873333333333334,0.07708244744235684,0.11551851851851852,0.06525865837771677,0.03466666666666662,0.0,0.18261757087241168,0.5927850554386774,0.07164814814814814,0.0,0.38666666666666666,1.6830836613972981,1539.4820963541667
fb_gate_tent,feedback_noise,0.05,0.05,0,0.1,0.1,0.5849333333333333,0.07987733038696793,0.11311851851851853,0.05918935084610311,0.03466666666666662,0.0,0.18362183647591757,0.5965333551168441,0.07194074074074074,0.0,0.35,1.7018239816029868,1539.3945963541667
fb_gate_tent,feedback_noise,0.05,0.05,0,0.2,0.0,0.4688125,0.1275713532170837,0.0,0.0,0.0,0.0,0.25224656100439213,0.7622202734152476,0.08957916666666667,0.0,0.0,0.6870020151138305,786.422265625
fb_gate_tent,feedback_noise,0.05,0.05,0,0.2,0.001,0.5141708333333334,0.10718502615187517,0.04535833333333333,0.05627400573323679,0.0,0.0,0.224679692473216,0.6981764237085978,0.08360833333333333,0.0,0.11666666666666667,1.688811977704366,1539.4112630208333
fb_gate_tent,feedback_noise,0.05,0.05,0,0.2,0.005,0.5606833333333333,0.0847689413614457,0.09187083333333333,0.05997866433996133,0.013624999999999998,0.0,0.19780703132045457,0.6318121622006099,0.07685416666666667,0.0,0.29,1.677233870824178,1539.6195963541666
fb_gate_tent,feedback_noise,0.05,0.05,0,0.2,0.01,0.5636500000000001,0.07902168787853382,0.09483749999999998,0.05808218343285303,0.022499999999999964,0.0,0.1960355975346795,0.6268722256024678,0.076175,0.0,0.35333333333333333,1.6769814570744832,1539.5654296875
fb_gate_tent,feedback_noise,0.05,0.05,0,0.2,0.02,0.5648833333333333,0.08519137895849896,0.09607083333333333,0.05510323074080787,0.025375000000000036,0.0,0.19600743801691572,0.6253194391727448,0.0758625,0.0,0.3766666666666667,1.6769124110539755,1539.6820963541666
fb_gate_tent,feedback_noise,0.05,0.05,0,0.2,0.05,0.5689208333333333,0.08465432043971051,0.10010833333333331,0.058103038429264994,0.016625,0.0,0.1934509530192086,0.619513229529063,0.07549166666666667,0.0,0.3466666666666667,1.6788778225580852,1539.5612630208334
fb_gate_tent,feedback_noise,0.05,0.05,0,0.2,0.1,0.5747333333333333,0.08035222657830929,0.10592083333333333,0.058681264663923795,0.03200000000000003,0.0,0.190035938578813,0.6109457661708196,0.074125,0.0,0.30333333333333334,1.7009341239929199,1539.5570963541666
fb_gate_tent,feedback_noise,0.05,0.05,0,0.3,0.0,0.4690190476190476,0.12861672838169458,0.0,0.0,0.0,0.0,0.2524928834147751,0.7623664299647014,0.08997142857142854,0.0,0.0,0.6867760022481283,786.222265625
fb_gate_tent,feedback_noise,0.05,0.05,0,0.3,0.001,0.49448095238095235,0.12882688078305637,0.025461904761904776,0.030915213632881303,0.0,0.0,0.23881851194461895,0.727924625078837,0.0875857142857143,0.0,0.060000000000000005,1.6858361800511679,1539.4445963541666
fb_gate_tent,feedback_noise,0.05,0.05,0,0.3,0.005,0.5480809523809523,0.0888893284598952,0.07906190476190478,0.053986727632792324,0.0,0.0,0.205894930439265,0.6504438281059265,0.07902857142857143,0.0,0.2733333333333333,1.6782297929128012,1539.7029296875
fb_gate_tent,feedback_noise,0.05,0.05,0,0.3,0.01,0.5635,0.08877717839195594,0.0944809523809524,0.053739060989653795,0.013142857142857123,0.0,0.19903150014586393,0.628627622127533,0.0773047619047619,0.0,0.38,1.683313290278117,1539.5987630208333
fb_gate_tent,feedback_noise,0.05,0.05,0,0.3,0.02,0.5570809523809523,0.09116757454216134,0.08806190476190477,0.053087325763285176,0.014000000000000012,0.0,0.2025884417971685,0.6387250632047653,0.07840476190476191,0.0,0.4233333333333333,1.6802637179692586,1539.5654296875
fb_gate_tent,feedback_noise,0.05,0.05,0,0.3,0.05,0.5596,0.08653712110211326,0.0905809523809524,0.05312787719023595,0.011142857142857121,0.0,0.19942790835811977,0.6340020060539245,0.07672857142857144,0.0,0.27666666666666667,1.6832420190175374,1539.6445963541667
fb_gate_tent,feedback_noise,0.05,0.05,0,0.3,0.1,0.549352380952381,0.08917778882756393,0.08033333333333335,0.05242569666798545,0.006714285714285784,0.0,0.20464579509525072,0.6478521287441253,0.07810952380952381,0.0,0.19333333333333333,1.7014445066452026,1539.5320963541667
fb_gate_tent,feedback_noise,0.05,0.05,0,0.5,0.0,0.46731333333333336,0.1290461631738235,0.0,0.0,0.0,0.0,0.2541007132915655,0.765040518840154,0.08998666666666666,0.0,0.0,0.6864574750264486,786.472265625
fb_gate_tent,feedback_noise,0.05,0.05,0,0.5,0.001,0.48038000000000003,0.12358882161258036,0.013066666666666666,0.02436607779529641,0.0,0.0,0.24709351188917955,0.7470300217469533,0.08937333333333333,0.0,0.03333333333333333,1.683639113108317,1539.2487630208334
fb_gate_tent,feedback_noise,0.05,0.05,0,0.5,0.005,0.51628,0.11095514595453919,0.048966666666666665,0.03406051747367784,0.008399999999999963,0.0,0.22804750980819266,0.6956662774085999,0.08444666666666666,0.0,0.25333333333333335,1.679017726580302,1539.7029296875
fb_gate_tent,feedback_noise,0.05,0.05,0,0.5,0.01,0.5168866666666667,0.11154075405918662,0.04957333333333333,0.032630881642726255,0.007199999999999984,0.0,0.22813955052892368,0.6954548776149749,0.08546666666666666,0.0,0.3333333333333333,1.6774272441864013,1539.7445963541666
fb_gate_tent,feedback_noise,0.05,0.05,0,0.5,0.02,0.52846,0.10754235284376294,0.06114666666666667,0.03722197842889225,0.0026000000000000467,0.0,0.22258958957170447,0.6795015652974447,0.08358666666666667,0.0,0.32,1.6745320320129395,1539.5987630208333
fb_gate_tent,feedback_noise,0.05,0.05,0,0.5,0.05,0.5279200000000001,0.10786686046329014,0.060606666666666656,0.03542590064884179,0.008599999999999941,0.0,0.22158578208178284,0.679483966032664,0.08341333333333334,0.0,0.19,1.6864503304163614,1539.6404296875
fb_gate_tent,feedback_noise,0.05,0.05,0,0.5,0.1,0.5144133333333333,0.11366104398403275,0.04709999999999999,0.03393668546999921,0.0,0.0,0.22836254837264616,0.6995437641938528,0.08532000000000001,0.0,0.13666666666666666,1.7003281434377036,1539.6987630208334
fb_gate_tent,feedback_noise,0.1,0.1,0,0.0,0.0,0.4727366666666667,0.12893535531643255,0.0,0.0,0.0,0.0,0.2490895438816398,0.756009844938914,0.08818,0.0,0.0,0.68748992284139,786.3139322916667
fb_gate_tent,feedback_noise,0.1,0.1,0,0.0,0.001,0.53333,0.10234986363550708,0.06059333333333332,0.05396411919895978,0.0,0.0,0.21130085611476254,0.6691873590151469,0.07853333333333333,0.0,0.14333333333333334,1.6871763626734415,1539.4487630208334
fb_gate_tent,feedback_noise,0.1,0.1,0,0.0,0.005,0.58746,0.07819377168953089,0.11472333333333333,0.06174809606632493,0.037699999999999956,0.0,0.18208446974513431,0.5929808537165324,0.07179,0.0,0.44,1.6770716905593872,1539.4654296875
fb_gate_tent,feedback_noise,0.1,0.1,0,0.0,0.01,0.5932333333333334,0.07543023876099175,0.12049666666666667,0.06486690609044897,0.03969999999999996,0.0,0.17845517334702116,0.5854986310005188,0.07089333333333332,0.0,0.5233333333333333,1.6753517707188925,1539.4695963541667
fb_gate_tent,feedback_noise,0.1,0.1,0,0.0,0.02,0.5911133333333333,0.07359628801234071,0.11837666666666664,0.06746597448079794,0.03149999999999997,0.0,0.17935088385355968,0.5881356209516525,0.07147333333333333,0.0,0.45,1.6768044630686443,1539.4820963541667
fb_gate_tent,feedback_noise,0.1,0.1,0,0.0,0.05,0.5989133333333334,0.07228816726433714,0.12617666666666666,0.06700334362904037,0.03959999999999997,0.0,0.1754098728859052,0.5764730135599773,0.06999666666666667,0.0,0.4533333333333333,1.685386315981547,1539.4320963541666
fb_gate_tent,feedback_noise,0.1,0.1,0,0.0,0.1,0.5961599999999999,0.07069310359965618,0.12342333333333334,0.06772927184288796,0.02749999999999997,0.0,0.17647729441738375,0.5808999339739481,0.07030666666666667,0.0,0.45666666666666667,1.698091189066569,1539.4195963541667
fb_gate_tent,feedback_noise,0.1,0.1,0,0.1,0.0,0.4718148148148148,0.1284265930844045,0.0,0.0,0.0,0.0,0.25022190426226565,0.7578247765700022,0.08892592592592588,0.0,0.0,0.6892764409383138,786.359765625
fb_gate_tent,feedback_noise,0.1,0.1,0,0.1,0.001,0.5485222222222222,0.09186729536363132,0.0767074074074074,0.054335197950699576,0.0,0.0,0.20304054708315267,0.6481032133102417,0.0768962962962963,0.0,0.18666666666666668,1.6786373853683472,1539.3570963541667
fb_gate_tent,feedback_noise,0.1,0.1,0,0.1,0.005,0.5639925925925926,0.0919517518983058,0.09217777777777778,0.052290341160000135,0.03433333333333333,0.0,0.19624746678772348,0.6271945436795553,0.07584814814814815,0.0,0.3466666666666667,1.6737026691436767,1539.4195963541667
fb_gate_tent,feedback_noise,0.1,0.1,0,0.1,0.01,0.576537037037037,0.07577744678826454,0.10472222222222223,0.06049248534580182,0.021222222222222253,0.0,0.18860663037542943,0.60866452952226,0.0738111111111111,0.0,0.44333333333333336,1.6769132137298584,1539.4195963541667
fb_gate_tent,feedback_noise,0.1,0.1,0,0.1,0.02,0.5774888888888888,0.08116483079107326,0.10567407407407407,0.0611596319626587,0.012222222222222245,0.0,0.18906785043897453,0.6072550485531489,0.0735,0.0,0.45666666666666667,1.6801172892252605,1539.4362630208334
fb_gate_tent,feedback_noise,0.1,0.1,0,0.1,0.05,0.5824925925925926,0.07890769665897604,0.11067777777777779,0.061349041175302745,0.033777777777777795,0.0,0.1849848089278572,0.5996823141972224,0.07226296296296296,0.0,0.38333333333333336,1.683639121055603,1539.4195963541667
fb_gate_tent,feedback_noise,0.1,0.1,0,0.1,0.1,0.5830851851851852,0.0767085991347245,0.11127037037037038,0.06250698851236489,0.02533333333333332,0.0,0.18472546033942036,0.5987085541089375,0.07224074074074074,0.0,0.33999999999999997,1.6990892171859742,1539.4362630208334
fb_gate_tent,feedback_noise,0.1,0.1,0,0.2,0.0,0.4688125,0.1275713532170837,0.0,0.0,0.0,0.0,0.25224656100439213,0.7622202734152476,0.08957916666666667,0.0,0.0,0.6870020151138305,786.422265625
fb_gate_tent,feedback_noise,0.1,0.1,0,0.2,0.001,0.5141708333333334,0.10718502615187517,0.04535833333333333,0.05627400573323679,0.0,0.0,0.224679692473216,0.6981764237085978,0.08360833333333333,0.0,0.11666666666666667,1.6828669865926107,1539.4904296875
fb_gate_tent,feedback_noise,0.1,0.1,0,0.2,0.005,0.5648625,0.08418539904067646,0.09604999999999998,0.057677383812446595,0.026375000000000037,0.0,0.1957428730390966,0.6254356424013774,0.07602083333333334,0.0,0.3333333333333333,1.6740621010462442,1539.6195963541666
fb_gate_tent,feedback_noise,0.1,0.1,0,0.2,0.01,0.5639625,0.08244071243512115,0.09514999999999998,0.057614628994188025,0.01649999999999996,0.0,0.19609577724713212,0.6270169635613759,0.07627916666666666,0.0,0.38333333333333336,1.6738296429316202,1539.6195963541666
fb_gate_tent,feedback_noise,0.1,0.1,0,0.2,0.02,0.5690666666666666,0.08694888469009004,0.10025416666666666,0.058046665636563397,0.02200000000000002,0.0,0.19471729411392782,0.6200300842523575,0.075975,0.0,0.49333333333333335,1.6791964292526245,1539.5779296875
fb_gate_tent,feedback_noise,0.1,0.1,0,0.2,0.05,0.5612875,0.08537519342887165,0.092475,0.0618771847402523,0.0017500000000000293,0.0,0.19678034719503484,0.6298387944698334,0.07565416666666666,0.0,0.36000000000000004,1.678842043876648,1539.5612630208334
fb_gate_tent,feedback_noise,0.1,0.1,0,0.2,0.1,0.5727708333333333,0.08239438827437943,0.10395833333333333,0.05658242131880582,0.03512499999999996,0.0,0.19142664404576645,0.6139432032903035,0.07486666666666666,0.0,0.33666666666666667,1.7008833090464275,1539.5154296875
fb_gate_tent,feedback_noise,0.1,0.1,0,0.3,0.0,0.4690190476190476,0.12861672838169458,0.0,0.0,0.0,0.0,0.2524928834147751,0.7623664299647014,0.08997142857142854,0.0,0.0,0.6867760022481283,786.222265625
fb_gate_tent,feedback_noise,0.1,0.1,0,0.3,0.001,0.4977238095238095,0.12862616751190764,0.02870476190476192,0.030160605363301896,0.0,0.0,0.2366355866222332,0.7231730341911315,0.08681428571428572,0.0,0.08666666666666667,1.6819581747055055,1539.4529296875
fb_gate_tent,feedback_noise,0.1,0.1,0,0.3,0.005,0.5563428571428571,0.09121651516576713,0.08732380952380954,0.055611385755640716,0.01100000000000001,0.0,0.20260438575819134,0.6385553042093913,0.07784761904761904,0.0,0.3066666666666667,1.6782813707987467,1539.6404296875
fb_gate_tent,feedback_noise,0.1,0.1,0,0.3,0.01,0.5647714285714286,0.08765694761090899,0.09575238095238098,0.05198988876595445,0.0257142857142858,0.0,0.197886808137028,0.6275486489137013,0.07717142857142857,0.0,0.41000000000000003,1.6882880528767903,1539.5945963541667
fb_gate_tent,feedback_noise,0.1,0.1,0,0.3,0.02,0.559404761904762,0.0926703394472959,0.0903857142857143,0.05236842565544468,0.014142857142857235,0.0,0.2020133501227413,0.635748686393102,0.0784952380952381,0.0,0.47,1.6775612115859986,1539.5279296875
fb_gate_tent,feedback_noise,0.1,0.1,0,0.3,0.05,0.5571761904761904,0.08947829621636585,0.08815714285714286,0.05037232730575839,0.013000000000000012,0.0,0.2011007514652042,0.6370644936958949,0.07748095238095237,0.0,0.31666666666666665,1.684465503692627,1539.5487630208333
fb_gate_tent,feedback_noise,0.1,0.1,0,0.3,0.1,0.5435857142857142,0.09224575039463395,0.07456666666666668,0.048778167428063145,0.0,0.0,0.20807127996622807,0.6558186550935109,0.07884761904761904,0.0,0.18333333333333332,1.7041752258936564,1539.5279296875
fb_gate_tent,feedback_noise,0.1,0.1,0,0.5,0.0,0.46731333333333336,0.1290461631738235,0.0,0.0,0.0,0.0,0.2541007132915655,0.765040518840154,0.08998666666666666,0.0,0.0,0.6864574750264486,786.472265625
fb_gate_tent,feedback_noise,0.1,0.1,0,0.5,0.001,0.48128,0.1257444875051429,0.013966666666666655,0.0217310890174666,0.0,0.0,0.2466932256305218,0.7455532451470693,0.08904666666666666,0.0,0.07,1.6848354895909627,1539.4070963541667
fb_gate_tent,feedback_noise,0.1,0.1,0,0.5,0.005,0.52534,0.10787622728754051,0.05802666666666666,0.03633243951236333,0.009000000000000008,0.0,0.22473179935743412,0.6845934172471364,0.08496666666666666,0.0,0.3733333333333333,1.6743255535761514,1539.5237630208333
fb_gate_tent,feedback_noise,0.1,0.1,0,0.5,0.01,0.5200666666666667,0.11412158468911142,0.052753333333333326,0.03864200620669379,0.0045999999999999375,0.0,0.2277914898959299,0.6922511955102285,0.08587333333333333,0.0,0.4066666666666666,1.6773311138153075,1539.5654296875
fb_gate_tent,feedback_noise,0.1,0.1,0,0.5,0.02,0.5337066666666667,0.10466391181673661,0.06639333333333333,0.0394358661655844,0.0021999999999999797,0.0,0.21972429286604128,0.671978110074997,0.08309333333333332,0.0,0.38666666666666666,1.681307315826416,1539.6029296875
fb_gate_tent,feedback_noise,0.1,0.1,0,0.5,0.05,0.5221399999999999,0.10846593172433265,0.054826666666666656,0.034735323701437976,0.0043999999999999595,0.0,0.22510713687896727,0.6869032343228658,0.08414666666666666,0.0,0.19,1.6803417285283406,1539.5737630208334
fb_gate_tent,feedback_noise,0.1,0.1,0,0.5,0.1,0.5215133333333334,0.11063466667941098,0.0542,0.04179995050318799,0.0,0.0,0.22536873865932225,0.6898482362429301,0.08521333333333334,0.0,0.21,1.7041625420252482,1539.5570963541666
fb_gate_tent,feedback_noise,0.2,0.2,0,0.0,0.0,0.4727366666666667,0.12893535531643255,0.0,0.0,0.0,0.0,0.2490895438816398,0.756009844938914,0.08818,0.0,0.0,0.68748992284139,786.3139322916667
fb_gate_tent,feedback_noise,0.2,0.2,0,0.0,0.001,0.5423033333333334,0.10219438031426235,0.06956666666666665,0.052133656700058366,0.0,0.0,0.20727470120259872,0.6561051587263743,0.07757,0.0,0.20666666666666667,1.677597451210022,1539.4362630208334
fb_gate_tent,feedback_noise,0.2,0.2,0,0.0,0.005,0.5838300000000001,0.07894876186489565,0.11109333333333332,0.06310294781536363,0.02749999999999997,0.0,0.18409979246983926,0.5985254834095637,0.07267333333333334,0.0,0.43,1.6708583037058513,1539.3487630208333
fb_gate_tent,feedback_noise,0.2,0.2,0,0.0,0.01,0.5894666666666667,0.07911607942124348,0.11673,0.06082882795471921,0.030399999999999983,0.0,0.18141702160234255,0.5901450524727504,0.07126666666666666,0.0,0.5166666666666667,1.6818879922231038,1539.3945963541667
fb_gate_tent,feedback_noise,0.2,0.2,0,0.0,0.02,0.5876333333333333,0.07769451377841531,0.11489666666666667,0.06233543013868367,0.01419999999999999,0.0,0.18181643204229572,0.5929082006216049,0.07169666666666667,0.0,0.4633333333333333,1.6742178440093993,1539.3779296875
fb_gate_tent,feedback_noise,0.2,0.2,0,0.0,0.05,0.5904766666666668,0.07624696572067108,0.11773999999999998,0.06511414169192328,0.03049999999999997,0.0,0.17957093663411836,0.5884421348571778,0.07097666666666667,0.0,0.38333333333333336,1.6802153984705608,1539.4737630208333
fb_gate_tent,feedback_noise,0.2,0.2,0,0.0,0.1,0.59092,0.07291428316629855,0.11818333333333332,0.06633945662836806,0.024399999999999977,0.0,0.1795362476388241,0.5874998847643534,0.07047666666666667,0.0,0.4,1.6965485095977784,1539.4487630208334
fb_gate_tent,feedback_noise,0.2,0.2,0,0.1,0.0,0.4718148148148148,0.1284265930844045,0.0,0.0,0.0,0.0,0.25022190426226565,0.7578247765700022,0.08892592592592588,0.0,0.0,0.6892764409383138,786.359765625
fb_gate_tent,feedback_noise,0.2,0.2,0,0.1,0.001,0.5444925925925925,0.09930391055983764,0.07267777777777779,0.05073940592626734,0.0,0.0,0.20617455214539335,0.6536834339300791,0.07794444444444444,0.0,0.18333333333333332,1.6774704933166504,1539.4029296875
fb_gate_tent,feedback_noise,0.2,0.2,0,0.1,0.005,0.567474074074074,0.08537377779842843,0.09565925925925928,0.054605399219797436,0.030000000000000027,0.0,0.19421803502934398,0.621695430080096,0.07558148148148149,0.0,0.35,1.678320082028707,1539.4862630208333
fb_gate_tent,feedback_noise,0.2,0.2,0,0.1,0.01,0.5725037037037037,0.08536489046388379,0.1006888888888889,0.05361415055009428,0.027888888888888852,0.0,0.19175601912205695,0.6147154748439789,0.0742,0.0,0.44,1.674082883199056,1539.5195963541667
fb_gate_tent,feedback_noise,0.2,0.2,0,0.1,0.02,0.5785037037037036,0.08589194818585522,0.10668888888888889,0.059585244501317795,0.02011111111111119,0.0,0.18927842897513397,0.6061774969100953,0.07427037037037038,0.0,0.4533333333333333,1.6775179545084635,1539.4445963541666
fb_gate_tent,feedback_noise,0.2,0.2,0,0.1,0.05,0.5728111111111112,0.0887101610737756,0.10099629629629629,0.05473808128000604,0.027111111111111086,0.0,0.19078594253118392,0.6136824031670888,0.07401481481481481,0.0,0.35666666666666663,1.68005690574646,1539.4945963541666
fb_gate_tent,feedback_noise,0.2,0.2,0,0.1,0.1,0.5815185185185184,0.07836898638829932,0.1097037037037037,0.06026507596690647,0.028444444444444494,0.0,0.18598047263340817,0.6013680398464203,0.07307407407407407,0.0,0.38999999999999996,1.6981094201405844,1539.4779296875
fb_gate_tent,feedback_noise,0.2,0.2,0,0.2,0.0,0.4688125,0.1275713532170837,0.0,0.0,0.0,0.0,0.25224656100439213,0.7622202734152476,0.08957916666666667,0.0,0.0,0.6870020151138305,786.422265625
fb_gate_tent,feedback_noise,0.2,0.2,0,0.2,0.001,0.5350833333333332,0.10782213329442578,0.06627083333333332,0.049578580557975614,0.0,0.0,0.21255940761069458,0.6682329932848613,0.0796125,0.0,0.16666666666666666,1.6826515754063924,1539.5404296875
fb_gate_tent,feedback_noise,0.2,0.2,0,0.2,0.005,0.5664125,0.0887053563650179,0.09759999999999999,0.05449810578802494,0.017750000000000044,0.0,0.1955588492252088,0.6231612245241801,0.0756125,0.0,0.42,1.675609795252482,1539.5112630208334
fb_gate_tent,feedback_noise,0.2,0.2,0,0.2,0.01,0.5609208333333334,0.08495507486296072,0.09210833333333332,0.051942853767108964,0.03200000000000003,0.0,0.19816482171909883,0.6311288436253866,0.07655416666666667,0.0,0.3766666666666667,1.6768348773320516,1539.5404296875
fb_gate_tent,feedback_noise,0.2,0.2,0,0.2,0.02,0.5543750000000001,0.08951673413197765,0.0855625,0.056493884605723715,0.01475000000000004,0.0,0.2024582733372537,0.6408183485269546,0.07755833333333334,0.0,0.45666666666666667,1.6779677391052246,1539.6195963541666
fb_gate_tent,feedback_noise,0.2,0.2,0,0.2,0.05,0.56345,0.08491824541977079,0.09463749999999999,0.05994812187892416,0.0,0.0,0.1962336303326922,0.6277528623739879,0.076175,0.0,0.33,1.6798357009887694,1539.5070963541666
fb_gate_tent,feedback_noise,0.2,0.2,0,0.2,0.1,0.5655125000000001,0.08904874046767482,0.09670000000000001,0.05218185211024206,0.029000000000000026,0.0,0.19542579463766888,0.6246537039677302,0.07629166666666666,0.0,0.26333333333333336,1.6989925225575766,1539.4945963541666
fb_gate_tent,feedback_noise,0.2,0.2,0,0.3,0.0,0.4690190476190476,0.12861672838169458,0.0,0.0,0.0,0.0,0.2524928834147751,0.7623664299647014,0.08997142857142854,0.0,0.0,0.6867760022481283,786.222265625
fb_gate_tent,feedback_noise,0.2,0.2,0,0.3,0.001,0.5271238095238096,0.10517656970057898,0.058104761904761916,0.03795050173251919,0.009428571428571453,0.0,0.21853922850652818,0.6803767740726471,0.08247142857142857,0.0,0.19333333333333333,1.679915189743042,1539.4320963541666
fb_gate_tent,feedback_noise,0.2,0.2,0,0.3,0.005,0.5499809523809523,0.09586079319790275,0.08096190476190478,0.05356402488522276,0.013428571428571456,0.0,0.206432730086609,0.6478467424710591,0.07920952380952381,0.0,0.31666666666666665,1.6780309677124023,1539.4195963541667
fb_gate_tent,feedback_noise,0.2,0.2,0,0.3,0.01,0.5610095238095238,0.09180078892009767,0.0919904761904762,0.04975377704068993,0.016857142857142904,0.0,0.20099337473178194,0.6325672119855881,0.07755714285714285,0.0,0.5066666666666666,1.6754775285720824,1539.4320963541666
fb_gate_tent,feedback_noise,0.2,0.2,0,0.3,0.02,0.5537714285714286,0.09686835745994683,0.08475238095238097,0.04779509886470313,0.014285714285714235,0.0,0.2052829624274657,0.6432500779628754,0.07916190476190477,0.0,0.45666666666666667,1.6731478850046793,1539.5279296875
fb_gate_tent,feedback_noise,0.2,0.2,0,0.3,0.05,0.5592809523809523,0.09324188941326667,0.09026190476190478,0.04961631935302351,0.026142857142857134,0.0,0.20050921541824937,0.6342783739169439,0.07727619047619048,0.0,0.3466666666666667,1.6793329238891601,1539.4529296875
fb_gate_tent,feedback_noise,0.2,0.2,0,0.3,0.1,0.5455952380952381,0.0921275779391623,0.07657619047619049,0.050332147775502795,0.013142857142857123,0.0,0.2071268365265358,0.6539272487163543,0.07960476190476191,0.0,0.24000000000000002,1.7029738426208496,1539.4654296875
fb_gate_tent,feedback_noise,0.2,0.2,0,0.5,0.0,0.46731333333333336,0.1290461631738235,0.0,0.0,0.0,0.0,0.2541007132915655,0.765040518840154,0.08998666666666666,0.0,0.0,0.6864574750264486,786.472265625
fb_gate_tent,feedback_noise,0.2,0.2,0,0.5,0.001,0.5000399999999999,0.12478969232410521,0.032726666666666654,0.028424393765207022,0.0,0.0,0.23734600741575163,0.718483316898346,0.08685999999999999,0.0,0.14666666666666667,1.684692621231079,1539.5070963541666
fb_gate_tent,feedback_noise,0.2,0.2,0,0.5,0.005,0.52934,0.10527856185476168,0.06202666666666666,0.03635149224592778,0.007000000000000006,0.0,0.22257284072761735,0.6791507442792256,0.08419333333333333,0.0,0.4266666666666667,1.6804810206095377,1539.5945963541667
fb_gate_tent,feedback_noise,0.2,0.2,0,0.5,0.01,0.5223866666666667,0.11567307001388351,0.05507333333333332,0.03541885269791756,0.0037999999999999146,0.0,0.22614206206336618,0.6888115167617798,0.08506666666666667,0.0,0.33999999999999997,1.6750218152999878,1539.5570963541666
fb_gate_tent,feedback_noise,0.2,0.2,0,0.5,0.02,0.5357466666666666,0.10369067970396985,0.06843333333333333,0.04090632135057835,0.0038000000000000256,0.0,0.2200455848374466,0.6699650565783183,0.08347333333333333,0.0,0.43666666666666665,1.683449387550354,1539.4987630208334
fb_gate_tent,feedback_noise,0.2,0.2,0,0.5,0.05,0.52582,0.10512332790092563,0.058506666666666665,0.03908006753014789,0.005199999999999982,0.0,0.22264508777245878,0.6818934261798859,0.08322666666666666,0.0,0.23666666666666666,1.6848641713460286,1539.4695963541667
fb_gate_tent,feedback_noise,0.2,0.2,0,0.5,0.1,0.5322666666666667,0.10985604791893715,0.06495333333333332,0.03660769405968937,0.009000000000000008,0.0,0.22072051101982595,0.6745630701382955,0.08416,0.0,0.28,1.6981798807779949,1539.4695963541667
frozen,feedback_noise,0.0,0.0,0,0.0,0.0,0.4727366666666667,0.12893535531643255,0.0,0.0,0.0,0.0,0.2490895438816398,0.756009844938914,0.08818,0.0,0.0,0.34661287466684976,741.64423828125
frozen,feedback_noise,0.0,0.0,0,0.0,0.001,0.4727366666666667,0.12893535531643255,0.0,0.0,0.0,0.0,0.2490895438816398,0.756009844938914,0.08818,0.0,0.0,0.34661287466684976,741.64423828125
frozen,feedback_noise,0.0,0.0,0,0.0,0.005,0.4727366666666667,0.12893535531643255,0.0,0.0,0.0,0.0,0.2490895438816398,0.756009844938914,0.08818,0.0,0.0,0.34661287466684976,741.64423828125
frozen,feedback_noise,0.0,0.0,0,0.0,0.01,0.4727366666666667,0.12893535531643255,0.0,0.0,0.0,0.0,0.2490895438816398,0.756009844938914,0.08818,0.0,0.0,0.34661287466684976,741.64423828125
frozen,feedback_noise,0.0,0.0,0,0.0,0.02,0.4727366666666667,0.12893535531643255,0.0,0.0,0.0,0.0,0.2490895438816398,0.756009844938914,0.08818,0.0,0.0,0.34661287466684976,741.64423828125
frozen,feedback_noise,0.0,0.0,0,0.0,0.05,0.4727366666666667,0.12893535531643255,0.0,0.0,0.0,0.0,0.2490895438816398,0.756009844938914,0.08818,0.0,0.0,0.34661287466684976,741.64423828125
frozen,feedback_noise,0.0,0.0,0,0.0,0.1,0.4727366666666667,0.12893535531643255,0.0,0.0,0.0,0.0,0.2490895438816398,0.756009844938914,0.08818,0.0,0.0,0.34661287466684976,741.64423828125
frozen,feedback_noise,0.0,0.0,0,0.1,0.0,0.4718148148148148,0.1284265930844045,0.0,0.0,0.0,0.0,0.25022190426226565,0.7578247765700022,0.08892592592592588,0.0,0.0,0.3419665336608887,742.6025716145833
frozen,feedback_noise,0.0,0.0,0,0.1,0.001,0.4718148148148148,0.1284265930844045,0.0,0.0,0.0,0.0,0.25022190426226565,0.7578247765700022,0.08892592592592588,0.0,0.0,0.3419665336608887,742.6025716145833
frozen,feedback_noise,0.0,0.0,0,0.1,0.005,0.4718148148148148,0.1284265930844045,0.0,0.0,0.0,0.0,0.25022190426226565,0.7578247765700022,0.08892592592592588,0.0,0.0,0.3419665336608887,742.6025716145833
frozen,feedback_noise,0.0,0.0,0,0.1,0.01,0.4718148148148148,0.1284265930844045,0.0,0.0,0.0,0.0,0.25022190426226565,0.7578247765700022,0.08892592592592588,0.0,0.0,0.3419665336608887,742.6025716145833
frozen,feedback_noise,0.0,0.0,0,0.1,0.02,0.4718148148148148,0.1284265930844045,0.0,0.0,0.0,0.0,0.25022190426226565,0.7578247765700022,0.08892592592592588,0.0,0.0,0.3419665336608887,742.6025716145833
frozen,feedback_noise,0.0,0.0,0,0.1,0.05,0.4718148148148148,0.1284265930844045,0.0,0.0,0.0,0.0,0.25022190426226565,0.7578247765700022,0.08892592592592588,0.0,0.0,0.3419665336608887,742.6025716145833
frozen,feedback_noise,0.0,0.0,0,0.1,0.1,0.4718148148148148,0.1284265930844045,0.0,0.0,0.0,0.0,0.25022190426226565,0.7578247765700022,0.08892592592592588,0.0,0.0,0.3419665336608887,742.6025716145833
frozen,feedback_noise,0.0,0.0,0,0.2,0.0,0.4688125,0.1275713532170837,0.0,0.0,0.0,0.0,0.25224656100439213,0.7622202734152476,0.08957916666666667,0.0,0.0,0.3401965459187825,742.6984049479166
frozen,feedback_noise,0.0,0.0,0,0.2,0.001,0.4688125,0.1275713532170837,0.0,0.0,0.0,0.0,0.25224656100439213,0.7622202734152476,0.08957916666666667,0.0,0.0,0.3401965459187825,742.6984049479166
frozen,feedback_noise,0.0,0.0,0,0.2,0.005,0.4688125,0.1275713532170837,0.0,0.0,0.0,0.0,0.25224656100439213,0.7622202734152476,0.08957916666666667,0.0,0.0,0.3401965459187825,742.6984049479166
frozen,feedback_noise,0.0,0.0,0,0.2,0.01,0.4688125,0.1275713532170837,0.0,0.0,0.0,0.0,0.25224656100439213,0.7622202734152476,0.08957916666666667,0.0,0.0,0.3401965459187825,742.6984049479166
frozen,feedback_noise,0.0,0.0,0,0.2,0.02,0.4688125,0.1275713532170837,0.0,0.0,0.0,0.0,0.25224656100439213,0.7622202734152476,0.08957916666666667,0.0,0.0,0.3401965459187825,742.6984049479166
frozen,feedback_noise,0.0,0.0,0,0.2,0.05,0.4688125,0.1275713532170837,0.0,0.0,0.0,0.0,0.25224656100439213,0.7622202734152476,0.08957916666666667,0.0,0.0,0.3401965459187825,742.6984049479166
frozen,feedback_noise,0.0,0.0,0,0.2,0.1,0.4688125,0.1275713532170837,0.0,0.0,0.0,0.0,0.25224656100439213,0.7622202734152476,0.08957916666666667,0.0,0.0,0.3401965459187825,742.6984049479166
frozen,feedback_noise,0.0,0.0,0,0.3,0.0,0.4690190476190476,0.12861672838169458,0.0,0.0,0.0,0.0,0.2524928834147751,0.7623664299647014,0.08997142857142854,0.0,0.0,0.34412833054860426,742.56923828125
frozen,feedback_noise,0.0,0.0,0,0.3,0.001,0.4690190476190476,0.12861672838169458,0.0,0.0,0.0,0.0,0.2524928834147751,0.7623664299647014,0.08997142857142854,0.0,0.0,0.34412833054860426,742.56923828125
frozen,feedback_noise,0.0,0.0,0,0.3,0.005,0.4690190476190476,0.12861672838169458,0.0,0.0,0.0,0.0,0.2524928834147751,0.7623664299647014,0.08997142857142854,0.0,0.0,0.34412833054860426,742.56923828125
frozen,feedback_noise,0.0,0.0,0,0.3,0.01,0.4690190476190476,0.12861672838169458,0.0,0.0,0.0,0.0,0.2524928834147751,0.7623664299647014,0.08997142857142854,0.0,0.0,0.34412833054860426,742.56923828125
frozen,feedback_noise,0.0,0.0,0,0.3,0.02,0.4690190476190476,0.12861672838169458,0.0,0.0,0.0,0.0,0.2524928834147751,0.7623664299647014,0.08997142857142854,0.0,0.0,0.34412833054860426,742.56923828125
frozen,feedback_noise,0.0,0.0,0,0.3,0.05,0.4690190476190476,0.12861672838169458,0.0,0.0,0.0,0.0,0.2524928834147751,0.7623664299647014,0.08997142857142854,0.0,0.0,0.34412833054860426,742.56923828125
frozen,feedback_noise,0.0,0.0,0,0.3,0.1,0.4690190476190476,0.12861672838169458,0.0,0.0,0.0,0.0,0.2524928834147751,0.7623664299647014,0.08997142857142854,0.0,0.0,0.34412833054860426,742.56923828125
frozen,feedback_noise,0.0,0.0,0,0.5,0.0,0.46731333333333336,0.1290461631738235,0.0,0.0,0.0,0.0,0.2541007132915655,0.765040518840154,0.08998666666666666,0.0,0.0,0.34076006412506105,742.9525716145833
frozen,feedback_noise,0.0,0.0,0,0.5,0.001,0.46731333333333336,0.1290461631738235,0.0,0.0,0.0,0.0,0.2541007132915655,0.765040518840154,0.08998666666666666,0.0,0.0,0.34076006412506105,742.9525716145833
frozen,feedback_noise,0.0,0.0,0,0.5,0.005,0.46731333333333336,0.1290461631738235,0.0,0.0,0.0,0.0,0.2541007132915655,0.765040518840154,0.08998666666666666,0.0,0.0,0.34076006412506105,742.9525716145833
frozen,feedback_noise,0.0,0.0,0,0.5,0.01,0.46731333333333336,0.1290461631738235,0.0,0.0,0.0,0.0,0.2541007132915655,0.765040518840154,0.08998666666666666,0.0,0.0,0.34076006412506105,742.9525716145833
frozen,feedback_noise,0.0,0.0,0,0.5,0.02,0.46731333333333336,0.1290461631738235,0.0,0.0,0.0,0.0,0.2541007132915655,0.765040518840154,0.08998666666666666,0.0,0.0,0.34076006412506105,742.9525716145833
frozen,feedback_noise,0.0,0.0,0,0.5,0.05,0.46731333333333336,0.1290461631738235,0.0,0.0,0.0,0.0,0.2541007132915655,0.765040518840154,0.08998666666666666,0.0,0.0,0.34076006412506105,742.9525716145833
frozen,feedback_noise,0.0,0.0,0,0.5,0.1,0.46731333333333336,0.1290461631738235,0.0,0.0,0.0,0.0,0.2541007132915655,0.765040518840154,0.08998666666666666,0.0,0.0,0.34076006412506105,742.9525716145833
frozen,feedback_noise,0.05,0.05,0,0.0,0.0,0.4727366666666667,0.12893535531643255,0.0,0.0,0.0,0.0,0.2490895438816398,0.756009844938914,0.08818,0.0,0.0,0.34661287466684976,741.64423828125
frozen,feedback_noise,0.05,0.05,0,0.0,0.001,0.4727366666666667,0.12893535531643255,0.0,0.0,0.0,0.0,0.2490895438816398,0.756009844938914,0.08818,0.0,0.0,0.34661287466684976,741.64423828125
frozen,feedback_noise,0.05,0.05,0,0.0,0.005,0.4727366666666667,0.12893535531643255,0.0,0.0,0.0,0.0,0.2490895438816398,0.756009844938914,0.08818,0.0,0.0,0.34661287466684976,741.64423828125
frozen,feedback_noise,0.05,0.05,0,0.0,0.01,0.4727366666666667,0.12893535531643255,0.0,0.0,0.0,0.0,0.2490895438816398,0.756009844938914,0.08818,0.0,0.0,0.34661287466684976,741.64423828125
frozen,feedback_noise,0.05,0.05,0,0.0,0.02,0.4727366666666667,0.12893535531643255,0.0,0.0,0.0,0.0,0.2490895438816398,0.756009844938914,0.08818,0.0,0.0,0.34661287466684976,741.64423828125
frozen,feedback_noise,0.05,0.05,0,0.0,0.05,0.4727366666666667,0.12893535531643255,0.0,0.0,0.0,0.0,0.2490895438816398,0.756009844938914,0.08818,0.0,0.0,0.34661287466684976,741.64423828125
frozen,feedback_noise,0.05,0.05,0,0.0,0.1,0.4727366666666667,0.12893535531643255,0.0,0.0,0.0,0.0,0.2490895438816398,0.756009844938914,0.08818,0.0,0.0,0.34661287466684976,741.64423828125
frozen,feedback_noise,0.05,0.05,0,0.1,0.0,0.4718148148148148,0.1284265930844045,0.0,0.0,0.0,0.0,0.25022190426226565,0.7578247765700022,0.08892592592592588,0.0,0.0,0.3419665336608887,742.6025716145833
frozen,feedback_noise,0.05,0.05,0,0.1,0.001,0.4718148148148148,0.1284265930844045,0.0,0.0,0.0,0.0,0.25022190426226565,0.7578247765700022,0.08892592592592588,0.0,0.0,0.3419665336608887,742.6025716145833
frozen,feedback_noise,0.05,0.05,0,0.1,0.005,0.4718148148148148,0.1284265930844045,0.0,0.0,0.0,0.0,0.25022190426226565,0.7578247765700022,0.08892592592592588,0.0,0.0,0.3419665336608887,742.6025716145833
frozen,feedback_noise,0.05,0.05,0,0.1,0.01,0.4718148148148148,0.1284265930844045,0.0,0.0,0.0,0.0,0.25022190426226565,0.7578247765700022,0.08892592592592588,0.0,0.0,0.3419665336608887,742.6025716145833
frozen,feedback_noise,0.05,0.05,0,0.1,0.02,0.4718148148148148,0.1284265930844045,0.0,0.0,0.0,0.0,0.25022190426226565,0.7578247765700022,0.08892592592592588,0.0,0.0,0.3419665336608887,742.6025716145833
frozen,feedback_noise,0.05,0.05,0,0.1,0.05,0.4718148148148148,0.1284265930844045,0.0,0.0,0.0,0.0,0.25022190426226565,0.7578247765700022,0.08892592592592588,0.0,0.0,0.3419665336608887,742.6025716145833
frozen,feedback_noise,0.05,0.05,0,0.1,0.1,0.4718148148148148,0.1284265930844045,0.0,0.0,0.0,0.0,0.25022190426226565,0.7578247765700022,0.08892592592592588,0.0,0.0,0.3419665336608887,742.6025716145833
frozen,feedback_noise,0.05,0.05,0,0.2,0.0,0.4688125,0.1275713532170837,0.0,0.0,0.0,0.0,0.25224656100439213,0.7622202734152476,0.08957916666666667,0.0,0.0,0.3401965459187825,742.6984049479166
frozen,feedback_noise,0.05,0.05,0,0.2,0.001,0.4688125,0.1275713532170837,0.0,0.0,0.0,0.0,0.25224656100439213,0.7622202734152476,0.08957916666666667,0.0,0.0,0.3401965459187825,742.6984049479166
frozen,feedback_noise,0.05,0.05,0,0.2,0.005,0.4688125,0.1275713532170837,0.0,0.0,0.0,0.0,0.25224656100439213,0.7622202734152476,0.08957916666666667,0.0,0.0,0.3401965459187825,742.6984049479166
frozen,feedback_noise,0.05,0.05,0,0.2,0.01,0.4688125,0.1275713532170837,0.0,0.0,0.0,0.0,0.25224656100439213,0.7622202734152476,0.08957916666666667,0.0,0.0,0.3401965459187825,742.6984049479166
frozen,feedback_noise,0.05,0.05,0,0.2,0.02,0.4688125,0.1275713532170837,0.0,0.0,0.0,0.0,0.25224656100439213,0.7622202734152476,0.08957916666666667,0.0,0.0,0.3401965459187825,742.6984049479166
frozen,feedback_noise,0.05,0.05,0,0.2,0.05,0.4688125,0.1275713532170837,0.0,0.0,0.0,0.0,0.25224656100439213,0.7622202734152476,0.08957916666666667,0.0,0.0,0.3401965459187825,742.6984049479166
frozen,feedback_noise,0.05,0.05,0,0.2,0.1,0.4688125,0.1275713532170837,0.0,0.0,0.0,0.0,0.25224656100439213,0.7622202734152476,0.08957916666666667,0.0,0.0,0.3401965459187825,742.6984049479166
frozen,feedback_noise,0.05,0.05,0,0.3,0.0,0.4690190476190476,0.12861672838169458,0.0,0.0,0.0,0.0,0.2524928834147751,0.7623664299647014,0.08997142857142854,0.0,0.0,0.34412833054860426,742.56923828125
frozen,feedback_noise,0.05,0.05,0,0.3,0.001,0.4690190476190476,0.12861672838169458,0.0,0.0,0.0,0.0,0.2524928834147751,0.7623664299647014,0.08997142857142854,0.0,0.0,0.34412833054860426,742.56923828125
frozen,feedback_noise,0.05,0.05,0,0.3,0.005,0.4690190476190476,0.12861672838169458,0.0,0.0,0.0,0.0,0.2524928834147751,0.7623664299647014,0.08997142857142854,0.0,0.0,0.34412833054860426,742.56923828125
frozen,feedback_noise,0.05,0.05,0,0.3,0.01,0.4690190476190476,0.12861672838169458,0.0,0.0,0.0,0.0,0.2524928834147751,0.7623664299647014,0.08997142857142854,0.0,0.0,0.34412833054860426,742.56923828125
frozen,feedback_noise,0.05,0.05,0,0.3,0.02,0.4690190476190476,0.12861672838169458,0.0,0.0,0.0,0.0,0.2524928834147751,0.7623664299647014,0.08997142857142854,0.0,0.0,0.34412833054860426,742.56923828125
frozen,feedback_noise,0.05,0.05,0,0.3,0.05,0.4690190476190476,0.12861672838169458,0.0,0.0,0.0,0.0,0.2524928834147751,0.7623664299647014,0.08997142857142854,0.0,0.0,0.34412833054860426,742.56923828125
frozen,feedback_noise,0.05,0.05,0,0.3,0.1,0.4690190476190476,0.12861672838169458,0.0,0.0,0.0,0.0,0.2524928834147751,0.7623664299647014,0.08997142857142854,0.0,0.0,0.34412833054860426,742.56923828125
frozen,feedback_noise,0.05,0.05,0,0.5,0.0,0.46731333333333336,0.1290461631738235,0.0,0.0,0.0,0.0,0.2541007132915655,0.765040518840154,0.08998666666666666,0.0,0.0,0.34076006412506105,742.9525716145833
frozen,feedback_noise,0.05,0.05,0,0.5,0.001,0.46731333333333336,0.1290461631738235,0.0,0.0,0.0,0.0,0.2541007132915655,0.765040518840154,0.08998666666666666,0.0,0.0,0.34076006412506105,742.9525716145833
frozen,feedback_noise,0.05,0.05,0,0.5,0.005,0.46731333333333336,0.1290461631738235,0.0,0.0,0.0,0.0,0.2541007132915655,0.765040518840154,0.08998666666666666,0.0,0.0,0.34076006412506105,742.9525716145833
frozen,feedback_noise,0.05,0.05,0,0.5,0.01,0.46731333333333336,0.1290461631738235,0.0,0.0,0.0,0.0,0.2541007132915655,0.765040518840154,0.08998666666666666,0.0,0.0,0.34076006412506105,742.9525716145833
frozen,feedback_noise,0.05,0.05,0,0.5,0.02,0.46731333333333336,0.1290461631738235,0.0,0.0,0.0,0.0,0.2541007132915655,0.765040518840154,0.08998666666666666,0.0,0.0,0.34076006412506105,742.9525716145833
frozen,feedback_noise,0.05,0.05,0,0.5,0.05,0.46731333333333336,0.1290461631738235,0.0,0.0,0.0,0.0,0.2541007132915655,0.765040518840154,0.08998666666666666,0.0,0.0,0.34076006412506105,742.9525716145833
frozen,feedback_noise,0.05,0.05,0,0.5,0.1,0.46731333333333336,0.1290461631738235,0.0,0.0,0.0,0.0,0.2541007132915655,0.765040518840154,0.08998666666666666,0.0,0.0,0.34076006412506105,742.9525716145833
frozen,feedback_noise,0.1,0.1,0,0.0,0.0,0.4727366666666667,0.12893535531643255,0.0,0.0,0.0,0.0,0.2490895438816398,0.756009844938914,0.08818,0.0,0.0,0.34661287466684976,741.64423828125
frozen,feedback_noise,0.1,0.1,0,0.0,0.001,0.4727366666666667,0.12893535531643255,0.0,0.0,0.0,0.0,0.2490895438816398,0.756009844938914,0.08818,0.0,0.0,0.34661287466684976,741.64423828125
frozen,feedback_noise,0.1,0.1,0,0.0,0.005,0.4727366666666667,0.12893535531643255,0.0,0.0,0.0,0.0,0.2490895438816398,0.756009844938914,0.08818,0.0,0.0,0.34661287466684976,741.64423828125
frozen,feedback_noise,0.1,0.1,0,0.0,0.01,0.4727366666666667,0.12893535531643255,0.0,0.0,0.0,0.0,0.2490895438816398,0.756009844938914,0.08818,0.0,0.0,0.34661287466684976,741.64423828125
frozen,feedback_noise,0.1,0.1,0,0.0,0.02,0.4727366666666667,0.12893535531643255,0.0,0.0,0.0,0.0,0.2490895438816398,0.756009844938914,0.08818,0.0,0.0,0.34661287466684976,741.64423828125
frozen,feedback_noise,0.1,0.1,0,0.0,0.05,0.4727366666666667,0.12893535531643255,0.0,0.0,0.0,0.0,0.2490895438816398,0.756009844938914,0.08818,0.0,0.0,0.34661287466684976,741.64423828125
frozen,feedback_noise,0.1,0.1,0,0.0,0.1,0.4727366666666667,0.12893535531643255,0.0,0.0,0.0,0.0,0.2490895438816398,0.756009844938914,0.08818,0.0,0.0,0.34661287466684976,741.64423828125
frozen,feedback_noise,0.1,0.1,0,0.1,0.0,0.4718148148148148,0.1284265930844045,0.0,0.0,0.0,0.0,0.25022190426226565,0.7578247765700022,0.08892592592592588,0.0,0.0,0.3419665336608887,742.6025716145833
frozen,feedback_noise,0.1,0.1,0,0.1,0.001,0.4718148148148148,0.1284265930844045,0.0,0.0,0.0,0.0,0.25022190426226565,0.7578247765700022,0.08892592592592588,0.0,0.0,0.3419665336608887,742.6025716145833
frozen,feedback_noise,0.1,0.1,0,0.1,0.005,0.4718148148148148,0.1284265930844045,0.0,0.0,0.0,0.0,0.25022190426226565,0.7578247765700022,0.08892592592592588,0.0,0.0,0.3419665336608887,742.6025716145833
frozen,feedback_noise,0.1,0.1,0,0.1,0.01,0.4718148148148148,0.1284265930844045,0.0,0.0,0.0,0.0,0.25022190426226565,0.7578247765700022,0.08892592592592588,0.0,0.0,0.3419665336608887,742.6025716145833
frozen,feedback_noise,0.1,0.1,0,0.1,0.02,0.4718148148148148,0.1284265930844045,0.0,0.0,0.0,0.0,0.25022190426226565,0.7578247765700022,0.08892592592592588,0.0,0.0,0.3419665336608887,742.6025716145833
frozen,feedback_noise,0.1,0.1,0,0.1,0.05,0.4718148148148148,0.1284265930844045,0.0,0.0,0.0,0.0,0.25022190426226565,0.7578247765700022,0.08892592592592588,0.0,0.0,0.3419665336608887,742.6025716145833
frozen,feedback_noise,0.1,0.1,0,0.1,0.1,0.4718148148148148,0.1284265930844045,0.0,0.0,0.0,0.0,0.25022190426226565,0.7578247765700022,0.08892592592592588,0.0,0.0,0.3419665336608887,742.6025716145833
frozen,feedback_noise,0.1,0.1,0,0.2,0.0,0.4688125,0.1275713532170837,0.0,0.0,0.0,0.0,0.25224656100439213,0.7622202734152476,0.08957916666666667,0.0,0.0,0.3401965459187825,742.6984049479166
frozen,feedback_noise,0.1,0.1,0,0.2,0.001,0.4688125,0.1275713532170837,0.0,0.0,0.0,0.0,0.25224656100439213,0.7622202734152476,0.08957916666666667,0.0,0.0,0.3401965459187825,742.6984049479166
frozen,feedback_noise,0.1,0.1,0,0.2,0.005,0.4688125,0.1275713532170837,0.0,0.0,0.0,0.0,0.25224656100439213,0.7622202734152476,0.08957916666666667,0.0,0.0,0.3401965459187825,742.6984049479166
frozen,feedback_noise,0.1,0.1,0,0.2,0.01,0.4688125,0.1275713532170837,0.0,0.0,0.0,0.0,0.25224656100439213,0.7622202734152476,0.08957916666666667,0.0,0.0,0.3401965459187825,742.6984049479166
frozen,feedback_noise,0.1,0.1,0,0.2,0.02,0.4688125,0.1275713532170837,0.0,0.0,0.0,0.0,0.25224656100439213,0.7622202734152476,0.08957916666666667,0.0,0.0,0.3401965459187825,742.6984049479166
frozen,feedback_noise,0.1,0.1,0,0.2,0.05,0.4688125,0.1275713532170837,0.0,0.0,0.0,0.0,0.25224656100439213,0.7622202734152476,0.08957916666666667,0.0,0.0,0.3401965459187825,742.6984049479166
frozen,feedback_noise,0.1,0.1,0,0.2,0.1,0.4688125,0.1275713532170837,0.0,0.0,0.0,0.0,0.25224656100439213,0.7622202734152476,0.08957916666666667,0.0,0.0,0.3401965459187825,742.6984049479166
frozen,feedback_noise,0.1,0.1,0,0.3,0.0,0.4690190476190476,0.12861672838169458,0.0,0.0,0.0,0.0,0.2524928834147751,0.7623664299647014,0.08997142857142854,0.0,0.0,0.34412833054860426,742.56923828125
frozen,feedback_noise,0.1,0.1,0,0.3,0.001,0.4690190476190476,0.12861672838169458,0.0,0.0,0.0,0.0,0.2524928834147751,0.7623664299647014,0.08997142857142854,0.0,0.0,0.34412833054860426,742.56923828125
frozen,feedback_noise,0.1,0.1,0,0.3,0.005,0.4690190476190476,0.12861672838169458,0.0,0.0,0.0,0.0,0.2524928834147751,0.7623664299647014,0.08997142857142854,0.0,0.0,0.34412833054860426,742.56923828125
frozen,feedback_noise,0.1,0.1,0,0.3,0.01,0.4690190476190476,0.12861672838169458,0.0,0.0,0.0,0.0,0.2524928834147751,0.7623664299647014,0.08997142857142854,0.0,0.0,0.34412833054860426,742.56923828125
frozen,feedback_noise,0.1,0.1,0,0.3,0.02,0.4690190476190476,0.12861672838169458,0.0,0.0,0.0,0.0,0.2524928834147751,0.7623664299647014,0.08997142857142854,0.0,0.0,0.34412833054860426,742.56923828125
frozen,feedback_noise,0.1,0.1,0,0.3,0.05,0.4690190476190476,0.12861672838169458,0.0,0.0,0.0,0.0,0.2524928834147751,0.7623664299647014,0.08997142857142854,0.0,0.0,0.34412833054860426,742.56923828125
frozen,feedback_noise,0.1,0.1,0,0.3,0.1,0.4690190476190476,0.12861672838169458,0.0,0.0,0.0,0.0,0.2524928834147751,0.7623664299647014,0.08997142857142854,0.0,0.0,0.34412833054860426,742.56923828125
frozen,feedback_noise,0.1,0.1,0,0.5,0.0,0.46731333333333336,0.1290461631738235,0.0,0.0,0.0,0.0,0.2541007132915655,0.765040518840154,0.08998666666666666,0.0,0.0,0.34076006412506105,742.9525716145833
frozen,feedback_noise,0.1,0.1,0,0.5,0.001,0.46731333333333336,0.1290461631738235,0.0,0.0,0.0,0.0,0.2541007132915655,0.765040518840154,0.08998666666666666,0.0,0.0,0.34076006412506105,742.9525716145833
frozen,feedback_noise,0.1,0.1,0,0.5,0.005,0.46731333333333336,0.1290461631738235,0.0,0.0,0.0,0.0,0.2541007132915655,0.765040518840154,0.08998666666666666,0.0,0.0,0.34076006412506105,742.9525716145833
frozen,feedback_noise,0.1,0.1,0,0.5,0.01,0.46731333333333336,0.1290461631738235,0.0,0.0,0.0,0.0,0.2541007132915655,0.765040518840154,0.08998666666666666,0.0,0.0,0.34076006412506105,742.9525716145833
frozen,feedback_noise,0.1,0.1,0,0.5,0.02,0.46731333333333336,0.1290461631738235,0.0,0.0,0.0,0.0,0.2541007132915655,0.765040518840154,0.08998666666666666,0.0,0.0,0.34076006412506105,742.9525716145833
frozen,feedback_noise,0.1,0.1,0,0.5,0.05,0.46731333333333336,0.1290461631738235,0.0,0.0,0.0,0.0,0.2541007132915655,0.765040518840154,0.08998666666666666,0.0,0.0,0.34076006412506105,742.9525716145833
frozen,feedback_noise,0.1,0.1,0,0.5,0.1,0.46731333333333336,0.1290461631738235,0.0,0.0,0.0,0.0,0.2541007132915655,0.765040518840154,0.08998666666666666,0.0,0.0,0.34076006412506105,742.9525716145833
frozen,feedback_noise,0.2,0.2,0,0.0,0.0,0.4727366666666667,0.12893535531643255,0.0,0.0,0.0,0.0,0.2490895438816398,0.756009844938914,0.08818,0.0,0.0,0.34661287466684976,741.64423828125
frozen,feedback_noise,0.2,0.2,0,0.0,0.001,0.4727366666666667,0.12893535531643255,0.0,0.0,0.0,0.0,0.2490895438816398,0.756009844938914,0.08818,0.0,0.0,0.34661287466684976,741.64423828125
frozen,feedback_noise,0.2,0.2,0,0.0,0.005,0.4727366666666667,0.12893535531643255,0.0,0.0,0.0,0.0,0.2490895438816398,0.756009844938914,0.08818,0.0,0.0,0.34661287466684976,741.64423828125
frozen,feedback_noise,0.2,0.2,0,0.0,0.01,0.4727366666666667,0.12893535531643255,0.0,0.0,0.0,0.0,0.2490895438816398,0.756009844938914,0.08818,0.0,0.0,0.34661287466684976,741.64423828125
frozen,feedback_noise,0.2,0.2,0,0.0,0.02,0.4727366666666667,0.12893535531643255,0.0,0.0,0.0,0.0,0.2490895438816398,0.756009844938914,0.08818,0.0,0.0,0.34661287466684976,741.64423828125
frozen,feedback_noise,0.2,0.2,0,0.0,0.05,0.4727366666666667,0.12893535531643255,0.0,0.0,0.0,0.0,0.2490895438816398,0.756009844938914,0.08818,0.0,0.0,0.34661287466684976,741.64423828125
frozen,feedback_noise,0.2,0.2,0,0.0,0.1,0.4727366666666667,0.12893535531643255,0.0,0.0,0.0,0.0,0.2490895438816398,0.756009844938914,0.08818,0.0,0.0,0.34661287466684976,741.64423828125
frozen,feedback_noise,0.2,0.2,0,0.1,0.0,0.4718148148148148,0.1284265930844045,0.0,0.0,0.0,0.0,0.25022190426226565,0.7578247765700022,0.08892592592592588,0.0,0.0,0.3419665336608887,742.6025716145833
frozen,feedback_noise,0.2,0.2,0,0.1,0.001,0.4718148148148148,0.1284265930844045,0.0,0.0,0.0,0.0,0.25022190426226565,0.7578247765700022,0.08892592592592588,0.0,0.0,0.3419665336608887,742.6025716145833
frozen,feedback_noise,0.2,0.2,0,0.1,0.005,0.4718148148148148,0.1284265930844045,0.0,0.0,0.0,0.0,0.25022190426226565,0.7578247765700022,0.08892592592592588,0.0,0.0,0.3419665336608887,742.6025716145833
frozen,feedback_noise,0.2,0.2,0,0.1,0.01,0.4718148148148148,0.1284265930844045,0.0,0.0,0.0,0.0,0.25022190426226565,0.7578247765700022,0.08892592592592588,0.0,0.0,0.3419665336608887,742.6025716145833
frozen,feedback_noise,0.2,0.2,0,0.1,0.02,0.4718148148148148,0.1284265930844045,0.0,0.0,0.0,0.0,0.25022190426226565,0.7578247765700022,0.08892592592592588,0.0,0.0,0.3419665336608887,742.6025716145833
frozen,feedback_noise,0.2,0.2,0,0.1,0.05,0.4718148148148148,0.1284265930844045,0.0,0.0,0.0,0.0,0.25022190426226565,0.7578247765700022,0.08892592592592588,0.0,0.0,0.3419665336608887,742.6025716145833
frozen,feedback_noise,0.2,0.2,0,0.1,0.1,0.4718148148148148,0.1284265930844045,0.0,0.0,0.0,0.0,0.25022190426226565,0.7578247765700022,0.08892592592592588,0.0,0.0,0.3419665336608887,742.6025716145833
frozen,feedback_noise,0.2,0.2,0,0.2,0.0,0.4688125,0.1275713532170837,0.0,0.0,0.0,0.0,0.25224656100439213,0.7622202734152476,0.08957916666666667,0.0,0.0,0.3401965459187825,742.6984049479166
frozen,feedback_noise,0.2,0.2,0,0.2,0.001,0.4688125,0.1275713532170837,0.0,0.0,0.0,0.0,0.25224656100439213,0.7622202734152476,0.08957916666666667,0.0,0.0,0.3401965459187825,742.6984049479166
frozen,feedback_noise,0.2,0.2,0,0.2,0.005,0.4688125,0.1275713532170837,0.0,0.0,0.0,0.0,0.25224656100439213,0.7622202734152476,0.08957916666666667,0.0,0.0,0.3401965459187825,742.6984049479166
frozen,feedback_noise,0.2,0.2,0,0.2,0.01,0.4688125,0.1275713532170837,0.0,0.0,0.0,0.0,0.25224656100439213,0.7622202734152476,0.08957916666666667,0.0,0.0,0.3401965459187825,742.6984049479166
frozen,feedback_noise,0.2,0.2,0,0.2,0.02,0.4688125,0.1275713532170837,0.0,0.0,0.0,0.0,0.25224656100439213,0.7622202734152476,0.08957916666666667,0.0,0.0,0.3401965459187825,742.6984049479166
frozen,feedback_noise,0.2,0.2,0,0.2,0.05,0.4688125,0.1275713532170837,0.0,0.0,0.0,0.0,0.25224656100439213,0.7622202734152476,0.08957916666666667,0.0,0.0,0.3401965459187825,742.6984049479166
frozen,feedback_noise,0.2,0.2,0,0.2,0.1,0.4688125,0.1275713532170837,0.0,0.0,0.0,0.0,0.25224656100439213,0.7622202734152476,0.08957916666666667,0.0,0.0,0.3401965459187825,742.6984049479166
frozen,feedback_noise,0.2,0.2,0,0.3,0.0,0.4690190476190476,0.12861672838169458,0.0,0.0,0.0,0.0,0.2524928834147751,0.7623664299647014,0.08997142857142854,0.0,0.0,0.34412833054860426,742.56923828125
frozen,feedback_noise,0.2,0.2,0,0.3,0.001,0.4690190476190476,0.12861672838169458,0.0,0.0,0.0,0.0,0.2524928834147751,0.7623664299647014,0.08997142857142854,0.0,0.0,0.34412833054860426,742.56923828125
frozen,feedback_noise,0.2,0.2,0,0.3,0.005,0.4690190476190476,0.12861672838169458,0.0,0.0,0.0,0.0,0.2524928834147751,0.7623664299647014,0.08997142857142854,0.0,0.0,0.34412833054860426,742.56923828125
frozen,feedback_noise,0.2,0.2,0,0.3,0.01,0.4690190476190476,0.12861672838169458,0.0,0.0,0.0,0.0,0.2524928834147751,0.7623664299647014,0.08997142857142854,0.0,0.0,0.34412833054860426,742.56923828125
frozen,feedback_noise,0.2,0.2,0,0.3,0.02,0.4690190476190476,0.12861672838169458,0.0,0.0,0.0,0.0,0.2524928834147751,0.7623664299647014,0.08997142857142854,0.0,0.0,0.34412833054860426,742.56923828125
frozen,feedback_noise,0.2,0.2,0,0.3,0.05,0.4690190476190476,0.12861672838169458,0.0,0.0,0.0,0.0,0.2524928834147751,0.7623664299647014,0.08997142857142854,0.0,0.0,0.34412833054860426,742.56923828125
frozen,feedback_noise,0.2,0.2,0,0.3,0.1,0.4690190476190476,0.12861672838169458,0.0,0.0,0.0,0.0,0.2524928834147751,0.7623664299647014,0.08997142857142854,0.0,0.0,0.34412833054860426,742.56923828125
frozen,feedback_noise,0.2,0.2,0,0.5,0.0,0.46731333333333336,0.1290461631738235,0.0,0.0,0.0,0.0,0.2541007132915655,0.765040518840154,0.08998666666666666,0.0,0.0,0.34076006412506105,742.9525716145833
frozen,feedback_noise,0.2,0.2,0,0.5,0.001,0.46731333333333336,0.1290461631738235,0.0,0.0,0.0,0.0,0.2541007132915655,0.765040518840154,0.08998666666666666,0.0,0.0,0.34076006412506105,742.9525716145833
frozen,feedback_noise,0.2,0.2,0,0.5,0.005,0.46731333333333336,0.1290461631738235,0.0,0.0,0.0,0.0,0.2541007132915655,0.765040518840154,0.08998666666666666,0.0,0.0,0.34076006412506105,742.9525716145833
frozen,feedback_noise,0.2,0.2,0,0.5,0.01,0.46731333333333336,0.1290461631738235,0.0,0.0,0.0,0.0,0.2541007132915655,0.765040518840154,0.08998666666666666,0.0,0.0,0.34076006412506105,742.9525716145833
frozen,feedback_noise,0.2,0.2,0,0.5,0.02,0.46731333333333336,0.1290461631738235,0.0,0.0,0.0,0.0,0.2541007132915655,0.765040518840154,0.08998666666666666,0.0,0.0,0.34076006412506105,742.9525716145833
frozen,feedback_noise,0.2,0.2,0,0.5,0.05,0.46731333333333336,0.1290461631738235,0.0,0.0,0.0,0.0,0.2541007132915655,0.765040518840154,0.08998666666666666,0.0,0.0,0.34076006412506105,742.9525716145833
frozen,feedback_noise,0.2,0.2,0,0.5,0.1,0.46731333333333336,0.1290461631738235,0.0,0.0,0.0,0.0,0.2541007132915655,0.765040518840154,0.08998666666666666,0.0,0.0,0.34076006412506105,742.9525716145833
